 PKT_POS_SRC,SRC_READ,,,,,,,,,,,PKT_POS_PTS , PKT_POS_SRC,,,,BYTES BEFORE SECT,BYTES AFTER SECT, NB_SAMPLES_PTS , NB_SAMPLES_SCR,FRAMES,REM PCM BYTES,,,,,,,,,,,,,,,,,,,,,
0,0,,,,,,,,,,,0,0,64,64,,,,0,,,,"24,4897959183673",,,,,,,,,,,,,,,,,,,,
1,766521,"766308,673469388","2554,36224489796",-1,2555,"0,0283896666666667","1251,9843","2555,07",21,,,2010,1958,43,107,2074,26,26,1280,1240,31,120,"40,8163265306122","12244,8979591837","0,0281179138321995",759183,,"2530,61",766297,2554,"2554,32333333333",,"96,99999999998",21,2555,,"2555,09979591837",,102, 1octet,"0,34",,
2,1550357,"1549982,14285714","5166,60714285714",0,5167,"0,0574206296296296","2532,24976666667","5167,85666666667",257,5167,257,4004,3950,43,150,4111,39,15,2560,2520,63,"173,333333333333","58,9569160997733","17687,074829932","0,0571428571428571",1542857,,"5142,85666666667",1549971,5166,"5166,57",0,"170,999999999913",257,5167,,"5167,34646258503",,40,Samples = 240 B,,,
3,2334021,"2333655,6122449","7778,85204081633",-1,7780,"0,0864452222222222","3812,2343","7780,07",21,,,6006,5956,43,193,6156,38,12,3840,3800,95,"182,4","62,0408163265306","18612,2448979592","0,0861678004535147",2326530,,"7755,1",2333644,7779,"7778,81333333333",-1,"244,000000000051",21,7780,,"7779,58979591837",,40 samples =,"24489,7959183673","81,6326530612245",,
4,3117814,"3117329,08163265","10391,0969387755",-1,10392,"0,115474592592593","5092,42953333333","10392,7133333333",214,,,8002,7946,43,236,8195,53,3,5120,5080,127,"227,142857142857","77,2594752186589","23177,8425655977","0,115192743764172",3110204,,"10367,3466666667",3117318,10391,"10391,06",0,"17,9999999998472",214,10392,,"10391,836462585",,10 B = ,"1020,40816326531","3,40136054421769",,"61,2244897959184"
5,3925435,"3925492,34693878","13084,9744897959",1,13084,"0,145386481481481","6411,54383333333","13084,7833333333",235,,,10034,9980,43,279,10270,24,30,6440,6400,160,"106,666666666667","36,281179138322","10884,3537414966","0,145124716553288",3918367,,"13061,2233333333",3925481,13085,"13084,9366666667",1,"280,999999999949",235,13084,,"13085,7131292517",,72 B =,7114,"24,4897959183673",,
6,4709143,"4709165,81632653","15697,2193877551",0,15697,"0,174412703703704","7691,60023333333","15697,1433333333",43,,,12048,11994,43,322,12327,15,39,7720,7680,192,"66,6666666666667","22,6757369614513","6802,72108843538","0,174149659863946",4702040,,"15673,4666666667",4709154,15697,"15697,18",1,"54,0000000000873",43,15697,,"15697,956462585",,3 B =,1,300,,
7,5492635,"5492839,28571429","18309,4642857143",1,18308,"0,203430925925926","8971,30383333333","18308,7833333333",235,,,14058,14002,43,365,14380,12,44,9000,8960,224,"51,4285714285714","17,4927113702624","5247,81341107872","0,203174603174603",5485714,,"18285,7133333333",5492828,18309,"18309,4266666667",2,"127,999999999884",235,18308,,"18310,2031292517",,,,,,
8,6276814,"6276512,75510204","20921,7091836735",0,20922,"0,232474592592593","10252,1295333333","20922,7133333333",214,,,16036,15982,43,408,16401,37,17,10280,10240,256,"164,444444444444","55,9334845049131","16780,0453514739","0,232199546485261",6269387,,"20897,9566666667",6276501,20921,"20921,67",0,"200,999999999476",214,20922,,"20922,446462585",,"612,244897959184",1 sample,,,
9,7060564,"7060186,2244898","23533,9540816327",-1,23535,"0,26150237037037","11532,2545333333","23535,2133333333",64,,,18034,17982,43,451,18442,42,10,11560,11520,288,"193,846153846154","65,9340659340659","19780,2197802198","0,261224489795918",7053061,,"23510,2033333333",7060175,23534,"23533,9166666667",-1,"275,000000000364",64,23535,,"23534,6931292517",,"2,04081632653061",,,,
10,7844614,"7843859,69387755","26146,1989795918",-2,26148,"0,290541259259259","12812,8695333333","26148,7133333333",214,,,20032,19978,43,494,20483,51,3,12840,12800,320,"226,666666666667","77,0975056689342","23129,2517006803","0,290249433106576",7836734,,"26122,4466666667",7843848,26146,"26146,16",-1,"47,9999999999563",214,26148,,"26146,936462585",,,7344,,,
11,8651935,"8652022,95918367","28840,0765306122",1,28839,"0,320442037037037","14131,4938333333","28839,7833333333",235,,,22064,22010,43,537,22558,24,30,14160,14120,353,"106,666666666667","36,281179138322","10884,3537414966","0,320181405895692",8644897,,"28816,3233333333",8652011,28840,"28840,0366666667",2,"11,0000000000582",235,28839,,"28840,8131292517",,,,,,
12,9435814,"9435696,42857143","31452,3214285714",0,31452,"0,349474592592593","15411,8295333333","31452,7133333333",214,,,24070,24012,43,580,24607,27,31,15440,15400,385,"111,724137931034","38,0014074595355","11400,4222378607","0,349206349206349",9428571,,"31428,57",9435685,31452,"31452,2833333333",1,"84,9999999998545",214,31452,,"31453,0597959184",,,,,,
13,10219393,"10219369,8979592","34064,5663265306",1,34064,"0,378496037037037","16691,6752333333","34064,6433333333",193,,,26076,26022,43,623,26656,22,32,16720,16680,417,"97,7777777777778","33,2577475434618","9977,32426303855","0,378231292517007",10212244,,"34040,8133333333",10219358,34064,"34064,5266666667",1,"157,999999999447",193,34064,,"34065,3031292517",,,,,,
14,11003057,"11003043,3673469","36676,8112244898",1,36676,"0,40752062962963","17971,6597666667","36676,8566666667",257,,,28078,28022,43,666,28701,27,29,18000,17960,449,"115,714285714286","39,3586005830904","11807,5801749271","0,407256235827664",10995918,,"36653,06",11003032,36677,"36676,7733333333",1,"231,999999999243",257,36676,,"36677,5497959184",,,"612,244897959184",,,
15,11786721,"11786716,8367347","39289,056122449",0,39289,"0,436545222222222","19251,6443","39289,07",21,,,30080,30024,43,709,30746,30,26,19280,19240,481,"128,571428571429","43,731778425656","13119,5335276968","0,436281179138322",11779591,,"39265,3033333333",11786705,39289,"39289,0166666667",1,"5,00000000101863",21,39289,,"39289,7931292517",,,"23,7133333333333",,,
16,12570428,"12570390,3061225","41901,3010204082",0,41901,"0,465571407407407","20531,6990666667","41901,4266666667",128,,,32094,32038,43,752,32803,21,35,20560,20520,513,90,"30,6122448979592","9183,67346938776","0,46530612244898",12563265,,"41877,55",12570379,41901,"41901,2633333333",1,"79,0000000008149",128,41901,,"41902,0397959184",,,,,,
17,13353921,"13354063,7755102","44513,5459183674",1,44513,"0,494589666666667","21811,4043","44513,07",21,,,34104,34050,43,795,34856,14,40,21840,21800,545,"62,2222222222222","21,1640211640212","6349,20634920635","0,494331065759637",13346938,,"44489,7933333333",13354052,44513,"44513,5066666667",1,"152,000000000407",21,44513,44677,"44514,2831292517",-164,,,,,
18,14137457,"14137737,244898","47125,7908163265",2,47124,"0,523609518518519","23091,1797666667","47124,8566666667",257,,,36112,36060,43,838,36907,9,43,23120,23080,577,"41,5384615384615","14,1287284144427","4238,61852433281","0,523356009070295",14130612,,"47102,04",14137726,47126,"47125,7533333333",2,"226,000000000204",257,47124,47289,"47126,5297959184",-165,,,,,
19,14897593,"14896920,9183673","49656,4030612245",-2,49658,"0,551762703703704","24332,7352333333","49658,6433333333",193,,,38078,38022,43,881,38916,52,4,24360,24320,608,"222,857142857143","75,801749271137","22740,5247813411","0,551473922902494",14889795,,"49632,65",14896909,49656,"49656,3633333333",-1,"195,000000000437",193,49658,49819,,-161,,,,,
20,15607585,15607125,"52023,75",-1,52025,"0,578058703703704","25492,3888333333","52025,2833333333",85,,,40088,40014,43,924,40969,65,9,25520,25480,637,,,,"0,577777777777778",15600000,,52000,15607114,52024,"52023,7133333333",-1,0,85,52025,52187,,-162,,,,,
21,16144135,"16121410,7142857","53738,0357142857",-75,53813,"0,597930925925926","26368,7538333333","53813,7833333333",235,,,42084,41970,43,967,43008,114,0,26360,26320,658,,,,"0,596825396825397",16114285,,"53714,2833333333",16121399,53738,"53737,9966666667",-75,"84,9999999998545",235,53813,,,,,,,,
22,16560600,"16562227,0408163","55207,4234693878",5,55202,"0,613355555555556","27048,98",55202,0,,,44200,44022,43,1010,45167,67,111,27080,27040,676,,,,"0,613151927437642",16555102,,"55183,6733333333",16562216,55207,"55207,3866666667",6,"201,99999999968",0,55202,,,,,,,,
23,16979164,"16978553,5714286","56595,1785714286",-2,56597,"0,628857925925926","27732,6345333333","56597,2133333333",64,,,46104,45998,43,1053,47114,96,10,27760,27720,693,,,,"0,628571428571429",16971428,,"56571,4266666667",16978542,56595,"56595,14",-1,"127,999999999884",64,56597,,,,,,,,
24,17419157,"17419369,8979592","58064,5663265306",2,58063,"0,645153962962963","28451,2897666667","58063,8566666667",257,,,48142,48038,43,1096,49195,61,43,28480,28440,711,,,,"0,644897959183673",17412244,,"58040,8133333333",17419358,58064,"58064,5266666667",2,"243,999999999505",257,58063,,,,,,,,
25,17859793,"17860186,2244898","59533,9540816327",2,59532,"0,661473814814815","29170,9952333333","59532,6433333333",193,,,50150,50046,43,1139,51246,58,46,29200,29160,729,,,,"0,661224489795918",17853061,,"59510,2033333333",17860175,59534,"59533,9166666667",2,"60,9999999993306",193,59532,,,,,,,,
26,18301028,"18301002,5510204","61003,3418367347",0,61003,"0,677815851851852","29891,6790666667","61003,4266666667",128,,,52144,52042,43,1182,53283,67,35,29920,29880,747,,,,"0,677551020408163",18293877,,"60979,59",18300991,61003,"61003,3033333333",1,"176,999999998952",128,61003,,,,,,,,
27,18740293,"18741818,877551","62472,7295918367",6,62467,"0,694084925925926","30609,1452333333","62467,6433333333",193,,,54216,54040,43,1225,55398,74,102,30640,30600,765,,,,"0,693877551020408",18734693,,"62448,9766666667",18741807,62472,"62472,69",6,"293,000000000757",193,62467,,,,,,,,
28,19158300,"19158145,4081633","63860,4846938776",-1,63861,"0,709566666666667","31291,89",63861,0,,,56146,56042,43,1268,57371,77,27,31320,31280,782,,,,"0,709297052154195",19151020,,"63836,7333333333",19158134,63860,"63860,4466666667",0,"219,999999998981",0,63861,,,,,,,,
29,19599021,"19598961,7346939","65329,8724489796",0,65330,"0,725889666666667","32011,7343","65330,07",21,,,58150,58048,43,1311,59418,76,26,32040,32000,,,,,"0,72562358276644",19591836,,"65306,12",19598950,65330,"65329,8333333333",0,"36,0000000007858",21,65330,,,,,,,,
30,20040000,"20039778,0612245","66799,2602040816",,,"0,742222222222222",32732,66800,0,,,60156,60054,43,1354,61467,75,27,32760,32720,,,,,"0,741950113378685",20032653,,"66775,51",20039767,66799,"66799,2233333333",0,"152,999999998428",0,66800,,,,,,,,
31,20480507,"20480594,3877551","68268,6479591837",,,"0,758537296296296","33451,4947666667","68268,3566666667",107,,,62170,62068,43,1397,63524,66,36,33480,33440,,,,,"0,75827664399093",,,,,,,,,,,,,,,,,,
32,20897185,"20896920,9183673","69656,4030612245",-64,,"0,773969814814815","34132,0688333333","69657,2833333333",85,,,64162,63980,43,1440,65559,159,23,34160,34120,,,,,"0,773696145124717",,,,,,,,,,,,,,,,,,
33,21337221,"21337737,244898","71125,7908163265",,,,0,,21337221,,,66198,66092,,,,,,34880,34840,,,,,"0,790022675736962",,,,,,,-50,,,,,,,,,,,
34,21777471,"21778553,5714286","72595,1785714286",,,,,,,,,68238,68132,,,,,,35600,35560,,,,,"0,806349206349206",,,,,,,,,,,,,,,,,,
35,22195093,"22194880,1020408","73982,9336734694",,,,,,,,,70172,70066,,,,,,36280,36240,,,,,"0,821768707482993",,,,,,,,,,,,,,,,,,
36,22635428,"22635696,4285714","75452,3214285714",,,,,,,,,72208,72102,,,,,,37000,36960,,,,,"0,838095238095238",,,,,,,,,,,,,,,,,,
37,23074307,"23076512,755102","76921,7091836735",,,,,,,,,74298,74122,,,,,,37720,37680,,,,,"0,854421768707483",,,,,,,,,,,,,,,,,,
38,23492485,"23492839,2857143","78309,4642857143",,,,,,,,,76220,76116,,,,,,38400,38360,,,,,"0,86984126984127",,,,,,,,,,,,,,,,,,
39,23932778,"23933655,6122449","79778,8520408163",,,,,,,,,78244,78142,,,,,,39120,39080,,,,,"0,886167800453515",,,,,,,,,,,,,,,,,,
40,24373500,"24374471,9387755","81248,2397959184",,,,,,,,,80262,80158,,,,,,39840,39800,,,,,"0,90249433106576",,,,,,,,,,,,,,,,,,
41,24813878,"24815288,2653061","82717,6275510204",,,,,,,,,82282,82180,,,,,,40560,40520,,,,,"0,918820861678005",,,,,,,,,,,,,,,,,,
42,25230771,"25231614,7959184","84105,3826530612",,,,,,,,,84264,84084,,,,,,41240,41200,,,,,"0,934240362811791",,,,,,,,,,,,,,,,,,
43,25648350,"25647941,3265306","85493,137755102",,,,,,,,,86214,86106,,,,,,41920,41880,,,,,"0,949659863945578",,,,,,,,,,,,,,,,,,
44,26087357,"26088757,6530612","86962,5255102041",,,,,,,,,88298,88192,,,,,,42640,42600,,,,,"0,965986394557823",,,,,,,,,,,,,,,,,,
45,26504635,"26505084,1836735","88350,2806122449",,,,,,,,,90262,90156,,,,,,43320,43280,,,,,"0,98140589569161",,,,,,,,,,,,,,,,,,
46,26921914,"26921410,7142857","89738,0357142857",,,,,,,,,92212,92106,,,,,,44000,43960,,,,,"0,996825396825397",,,,,,,,,,,,,,,,,,
47,27362378,"27362227,0408163","91207,4234693878",,,,,,,,,94242,94138,,,,,,44720,44680,,,,,"1,01315192743764",,,,,,,,,,,,,,,,,,
48,27800957,"27803043,3673469","92676,8112244898",,,,,,,,,96346,96166,,,,,,45440,45400,,,,,"1,02947845804989",,,,,,,,,,,,,,,,,,
49,28219435,"28219369,8979592","94064,5663265306",,,,,,,,,98254,98150,,,,,,46120,46080,,,,,"1,04489795918367",,,,,,,,,,,,,,,,,,
50,28659814,"28660186,2244898","95533,9540816327",,,,,,,,,100274,100172,,,,,,46840,46800,,,,,"1,06122448979592",,,,,,,,,,,,,,,,,,
51,29100750,"29101002,5510204","97003,3418367347",,,,,,,,,102282,102180,,,,,,47560,47520,,,,,"1,07755102040816",,,,,,,,,,,,,,,,,,
52,29541643,"29541818,877551","98472,7295918368",,,,,,,,,104278,104174,,,,,,48280,48240,,,,,"1,09387755102041",,,,,,,,,,,,,,,,,,
53,29958578,"29958145,4081633","99860,4846938776",,,,,,,,,106258,106076,,,,,,48960,48920,,,,,"1,1092970521542",,,,,,,,,,,,,,,,,,
54,30399514,"30398961,7346939","101329,87244898",,,,,,,,,108252,108150,,,,,,49680,49640,,,,,"1,12562358276644",,,,,,,,,,,,,,,,,,
55,30863121,"30864267,8571429","102880,892857143",,,,,,,,,110336,110234,,,,,,50440,50400,,,,,"1,14285714285714",,,,,,,,,,,,,,,,,,
56,31304185,"31305084,1836735","104350,280612245",,,,,,,,,112338,112234,,,,,,51160,51120,,,,,"1,15918367346939",,,,,,,,,,,,,,,,,,
57,31743664,"31745900,5102041","105819,668367347",,,,,,,,,114400,114220,,,,,,51880,51840,,,,,"1,17551020408163",,,,,,,,,,,,,,,,,,
58,32162614,"32162227,0408163","107207,423469388",,,,,,,,,116286,116180,,,,,,52560,52520,,,,,"1,19092970521542",,,,,,,,,,,,,,,,,,
59,32603550,"32603043,3673469","108676,81122449",,,,,,,,,118280,118176,,,,,,53280,53240,,,,,"1,20725623582766",,,,,,,,,,,,,,,,,,
60,33067500,"33068349,4897959","110227,831632653",,,,,,,,,120348,120248,,,,,,54040,54000,,,,,"1,22448979591837",,,,,,,,,,,,,,,,,,
61,33507835,,0,,,,,,,,,122384,122212,,,,,,54760,54720,,,,,"1,24081632653061",,,,,,,,,,,,,,,,,,
62,33949285,,0,,,,,,,,,124354,124254,,,,,,55480,55440,,,,,"1,25714285714286",,,,,,,,,,,,,,,,,,
63,34390478,,0,,,,,,,,,126336,126232,,,,,,56200,56160,,,,,"1,2734693877551",,,,,,,,,,,,,,,,,,
64,34831928,,0,,,,,,,,,128320,128216,,,,,,56920,56880,,,,,"1,28979591836735",,,,,,,,,,,,,,,,,,
65,35269735,,,,,,,,,,,130460,130278,,,,,,57640,57600,,,,,"1,30612244897959",,,,,,,,,,,,,,,,,,
66,35663485,,,,,,,,,,,132374,132190,,,,,,58280,58240,,,,,"1,32063492063492",,,,,,,,,,,,,,,,,,
67,36079778,,,,,,,,,,,134384,134200,,,,,,58960,58920,,,,,"1,33605442176871",,,,,,,,,,,,,,,,,,
68,36496285,,,,,,,,,,,136384,136276,,,,,,59640,59600,,,,,"1,35147392290249",,,,,,,,,,,,,,,,,,
69,36912964,,,,,,,,,,,138376,138272,,,,,,60320,60280,,,,,"1,36689342403628",,,,,,,,,,,,,,,,,,
70,37330071,,,,,,,,,,,140334,140230,,,,,,61000,60960,,,,,"1,38231292517007",,,,,,,,,,,,,,,,,,
71,37770535,,,,,,,,,,,142364,142260,,,,,,61720,61680,,,,,"1,39863945578231",,,,,,,,,,,,,,,,,,
72,38210528,,,,,,,,,,,144402,144296,,,,,,62440,62400,,,,,"1,41496598639456",,,,,,,,,,,,,,,,,,
73,38627421,,,,,,,,,,,146384,146208,,,,,,63120,63080,,,,,"1,43038548752834",,,,,,,,,,,,,,,,,,
74,39068400,,,,,,,,,,,148376,148274,,,,,,63840,63800,,,,,"1,44671201814059",,,,,,,,,,,,,,,,,,
75,39532564,,,,,,,,,,,150434,150334,,,,,,64600,64560,,,,,"1,46394557823129",,,,,,,,,,,,,,,,,,
76,39974357,,,,,,,,,,,152402,152298,,,,,,65320,65280,,,,,"1,48027210884354",,,,,,,,,,,,,,,,,,
77,40413921,,,,,,,,,,,154460,154358,,,,,,66040,66000,,,,,"1,49659863945578",,,,,,,,,,,,,,,,,,
78,40855414,,,,,,,,,,,156428,156328,,,,,,66760,66720,,,,,"1,51292517006803",,,,,,,,,,,,,,,,,,
79,41319835,,,,,,,,,,,158374,158274,,,,,,67480,67440,,,,,"1,52925170068027",,,,,,,,,,,,,,,,,,
80,41762228,,,,,,,,,,,160414,160314,,,,,,68240,68200,,,,,"1,54648526077098",,,,,,,,,,,,,,,,,,
81,42203507,,,,,,,,,,,162392,162294,,,,,,68960,68920,,,,,"1,56281179138322",,,,,,,,,,,,,,,,,,
82,42691500,,,,,,,,,,,164486,164388,,,,,,69760,69720,,,,,"1,58095238095238",,,,,,,,,,,,,,,,,,
83,43155750,,,,,,,,,,,166540,166370,,,,,,70520,70480,,,,,"1,59818594104308",,,,,,,,,,,,,,,,,,
84,43622185,,,,,,,,,,,168492,168396,,,,,,71280,71240,,,,,"1,61541950113379",,,,,,,,,,,,,,,,,,
85,44088278,,,,,,,,,,,170460,170364,,,,,,72040,72000,,,,,"1,63265306122449",,,,,,,,,,,,,,,,,,
86,44527071,,,,,,,,,,,172554,172374,,,,,,72760,72720,,,,,"1,64897959183673",,,,,,,,,,,,,,,,,,
87,44921935,,,,,,,,,,,174416,174234,,,,,,73400,73360,,,,,"1,66349206349206",,,,,,,,,,,,,,,,,,
88,45361843,,,,,,,,,,,176472,176364,,,,,,74120,74080,,,,,"1,67981859410431",,,,,,,,,,,,,,,,,,
89,45802050,,,,,,,,,,,178500,178396,,,,,,74840,74800,,,,,"1,69614512471655",,,,,,,,,,,,,,,,,,
90,46242943,,,,,,,,,,,180510,180408,,,,,,75560,75520,,,,,"1,7124716553288",,,,,,,,,,,,,,,,,,
91,46683793,,,,,,,,,,,182508,182406,,,,,,76280,76240,,,,,"1,72879818594104",,,,,,,,,,,,,,,,,,
92,47101628,,,,,,,,,,,184446,184270,,,,,,76960,76920,,,,,"1,74421768707483",,,,,,,,,,,,,,,,,,
93,47566178,,,,,,,,,,,186486,186388,,,,,,77720,77680,,,,,"1,76145124716553",,,,,,,,,,,,,,,,,,
94,48031200,,,,,,,,,,,188504,188408,,,,,,78480,78440,,,,,"1,77868480725624",,,,,,,,,,,,,,,,,,
95,48472435,,,,,,,,,,,190484,190310,,,,,,79200,79160,,,,,"1,79501133786848",,,,,,,,,,,,,,,,,,
96,48938143,,,,,,,,,,,192470,192376,,,,,,79960,79920,,,,,"1,81224489795918",,,,,,,,,,,,,,,,,,
97,49426221,,,,,,,,,,,194560,194462,,,,,,80760,80720,,,,,"1,83038548752834",,,,,,,,,,,,,,,,,,
98,49867071,,,,,,,,,,,196558,196380,,,,,,81480,81440,,,,,"1,84671201814059",,,,,,,,,,,,,,,,,,
99,50309550,,,,,,,,,,,198494,198396,,,,,,82200,82160,,,,,"1,86303854875283",,,,,,,,,,,,,,,,,,
100,50774871,,,,,,,,,,,200498,200400,,,,,,82960,82920,,,,,"1,88027210884354",,,,,,,,,,,,,,,,,,
101,51239464,,,,,,,,,,,202536,202362,,,,,,83720,83680,,,,,"1,89750566893424",,,,,,,,,,,,,,,,,,
102,51729900,,,,,,,,,,,204502,204412,,,,,,84520,84480,,,,,"1,9156462585034",,,,,,,,,,,,,,,,,,
103,52218707,,,,,,,,,,,206558,206388,,,,,,85320,85280,,,,,"1,93378684807256",,,,,,,,,,,,,,,,,,
104,52708671,,,,,,,,,,,208560,208468,,,,,,86120,86080,,,,,"1,95192743764172",,,,,,,,,,,,,,,,,,
105,53196621,,,,,,,,,,,210642,210474,,,,,,86920,86880,,,,,"1,97006802721088",,,,,,,,,,,,,,,,,,
106,53663357,,,,,,,,,,,212580,212484,,,,,,87680,87640,,,,,"1,98730158730159",,,,,,,,,,,,,,,,,,
107,54080378,,,,,,,,,,,214556,214450,,,,,,88360,88320,,,,,"2,00272108843537",,,,,,,,,,,,,,,,,,
108,54497657,,,,,,,,,,,216520,216414,,,,,,89040,89000,,,,,"2,01814058956916",,,,,,,,,,,,,,,,,,
109,54937007,,,,,,,,,,,218588,218482,,,,,,89760,89720,,,,,"2,03446712018141",,,,,,,,,,,,,,,,,,
110,55375671,,,,,,,,,,,220702,220526,,,,,,90480,90440,,,,,"2,05079365079365",,,,,,,,,,,,,,,,,,
111,55794064,,,,,,,,,,,222600,222498,,,,,,91160,91120,,,,,"2,06621315192744",,,,,,,,,,,,,,,,,,
112,56235814,,,,,,,,,,,224570,224470,,,,,,91880,91840,,,,,"2,08253968253968",,,,,,,,,,,,,,,,,,
113,56700193,,,,,,,,,,,226618,226520,,,,,,92640,92600,,,,,"2,09977324263039",,,,,,,,,,,,,,,,,,
114,57141257,,,,,,,,,,,228606,228432,,,,,,93360,93320,,,,,"2,11609977324263",,,,,,,,,,,,,,,,,,
115,57606750,,,,,,,,,,,230602,230504,,,,,,94120,94080,,,,,"2,13333333333333",,,,,,,,,,,,,,,,,,
116,58072843,,,,,,,,,,,232570,232476,,,,,,94880,94840,,,,,"2,15056689342404",,,,,,,,,,,,,,,,,,
117,58537435,,,,,,,,,,,234608,234436,,,,,,95640,95600,,,,,"2,16780045351474",,,,,,,,,,,,,,,,,,
118,59002928,,,,,,,,,,,236604,236506,,,,,,96400,96360,,,,,"2,18503401360544",,,,,,,,,,,,,,,,,,
119,59468035,,,,,,,,,,,238618,238522,,,,,,97160,97120,,,,,"2,20226757369615",,,,,,,,,,,,,,,,,,
120,59909528,,,,,,,,,,,240600,240426,,,,,,97880,97840,,,,,"2,21859410430839",,,,,,,,,,,,,,,,,,
121,60397607,,,,,,,,,,,242676,242578,,,,,,98680,98640,,,,,"2,23673469387755",,,,,,,,,,,,,,,,,,
122,60864214,,,,,,,,,,,244620,244526,,,,,,99440,99400,,,,,"2,25396825396825",,,,,,,,,,,,,,,,,,
123,61329964,,,,,,,,,,,246604,246514,,,,,,100200,100160,,,,,"2,27120181405896",,,,,,,,,,,,,,,,,,
124,61842814,,,,,,,,,,,248686,248596,,,,,,101040,101000,,,,,"2,29024943310658",,,,,,,,,,,,,,,,,,
125,62308821,,,,,,,,,,,250658,250566,,,,,,101800,101760,,,,,"2,30748299319728",,,,,,,,,,,,,,,,,,
126,62798314,,,,,,,,,,,252668,252576,,,,,,102600,102560,,,,,"2,32562358276644",,,,,,,,,,,,,,,,,,
127,63261921,,,,,,,,,,,254752,254572,,,,,,103360,103320,,,,,"2,34285714285714",,,,,,,,,,,,,,,,,,
128,63679071,,,,,,,,,,,256722,256618,,,,,,104040,104000,,,,,"2,35827664399093",,,,,,,,,,,,,,,,,,
129,64096821,,,,,,,,,,,258664,258562,,,,,,104720,104680,,,,,"2,37369614512472",,,,,,,,,,,,,,,,,,
130,64537800,,,,,,,,,,,260656,260554,,,,,,105440,105400,,,,,"2,39002267573696",,,,,,,,,,,,,,,,,,
131,65001878,,,,,,,,,,,262718,262618,,,,,,106200,106160,,,,,"2,40725623582766",,,,,,,,,,,,,,,,,,
132,65420057,,,,,,,,,,,264640,264470,,,,,,106880,106840,,,,,"2,42267573696145",,,,,,,,,,,,,,,,,,
133,65884950,,,,,,,,,,,266664,266566,,,,,,107640,107600,,,,,"2,43990929705215",,,,,,,,,,,,,,,,,,
134,66350657,,,,,,,,,,,268650,268556,,,,,,108400,108360,,,,,"2,45714285714286",,,,,,,,,,,,,,,,,,
135,66815335,,,,,,,,,,,270684,270590,,,,,,109160,109120,,,,,"2,47437641723356",,,,,,,,,,,,,,,,,,
136,67304185,,,,,,,,,,,272738,272644,,,,,,109960,109920,,,,,"2,49251700680272",,,,,,,,,,,,,,,,,,
137,67771093,,,,,,,,,,,274668,274574,,,,,,110720,110680,,,,,"2,50975056689342",,,,,,,,,,,,,,,,,,
138,68236028,,,,,,,,,,,276690,276594,,,,,,111480,111440,,,,,"2,52698412698413",,,,,,,,,,,,,,,,,,
139,68701564,,,,,,,,,,,278684,278586,,,,,,112240,112200,,,,,"2,54421768707483",,,,,,,,,,,,,,,,,,
140,69165343,,,,,,,,,,,280760,280588,,,,,,113000,112960,,,,,"2,56145124716553",,,,,,,,,,,,,,,,,,
141,69631264,,,,,,,,,,,282736,282640,,,,,,113760,113720,,,,,"2,57868480725624",,,,,,,,,,,,,,,,,,
142,70097357,,,,,,,,,,,284704,284610,,,,,,114520,114480,,,,,"2,59591836734694",,,,,,,,,,,,,,,,,,
143,70562550,,,,,,,,,,,286714,286618,,,,,,115280,115240,,,,,"2,61315192743764",,,,,,,,,,,,,,,,,,
144,71052085,,,,,,,,,,,288722,288628,,,,,,116080,116040,,,,,"2,6312925170068",,,,,,,,,,,,,,,,,,
145,71541107,,,,,,,,,,,290768,290678,,,,,,116880,116840,,,,,"2,64943310657596",,,,,,,,,,,,,,,,,,
146,72031414,,,,,,,,,,,292754,292664,,,,,,117680,117640,,,,,"2,66757369614512",,,,,,,,,,,,,,,,,,
147,72496564,,,,,,,,,,,294766,294664,,,,,,118440,118400,,,,,"2,68480725623583",,,,,,,,,,,,,,,,,,
148,72912214,,,,,,,,,,,296806,296618,,,,,,119120,119080,,,,,"2,70022675736961",,,,,,,,,,,,,,,,,,
149,73327950,,,,,,,,,,,298828,298716,,,,,,119800,119760,,,,,"2,7156462585034",,,,,,,,,,,,,,,,,,
150,73721228,,,,,,,,,,,300764,300648,,,,,,120440,120400,,,,,"2,73015873015873",,,,,,,,,,,,,,,,,,
151,74137907,,,,,,,,,,,302756,302652,,,,,,121120,121080,,,,,"2,74557823129252",,,,,,,,,,,,,,,,,,
152,74578200,,,,,,,,,,,304794,304688,,,,,,121840,121800,,,,,"2,76190476190476",,,,,,,,,,,,,,,,,,
153,75018493,,,,,,,,,,,306818,306714,,,,,,122560,122520,,,,,"2,77823129251701",,,,,,,,,,,,,,,,,,
154,75458057,,,,,,,,,,,308876,308700,,,,,,123280,123240,,,,,"2,79455782312925",,,,,,,,,,,,,,,,,,
155,75899978,,,,,,,,,,,310838,310734,,,,,,124000,123960,,,,,"2,8108843537415",,,,,,,,,,,,,,,,,,
156,76341857,,,,,,,,,,,312788,312686,,,,,,124720,124680,,,,,"2,82721088435374",,,,,,,,,,,,,,,,,,
157,76806621,,,,,,,,,,,314818,314724,,,,,,125480,125440,,,,,"2,84444444444444",,,,,,,,,,,,,,,,,,
158,77247728,,,,,,,,,,,316818,316644,,,,,,126200,126160,,,,,"2,86077097505669",,,,,,,,,,,,,,,,,,
159,77712064,,,,,,,,,,,318868,318770,,,,,,126960,126920,,,,,"2,87800453514739",,,,,,,,,,,,,,,,,,
160,78154328,,,,,,,,,,,320800,320702,,,,,,127680,127640,,,,,"2,89433106575964",,,,,,,,,,,,,,,,,,
161,78618235,,,,,,,,,,,322870,322700,,,,,,128440,128400,,,,,"2,91156462585034",,,,,,,,,,,,,,,,,,
162,79083943,,,,,,,,,,,324856,324760,,,,,,129200,129160,,,,,"2,92879818594104",,,,,,,,,,,,,,,,,,
163,79550164,,,,,,,,,,,326818,326724,,,,,,129960,129920,,,,,"2,94603174603175",,,,,,,,,,,,,,,,,,
164,80015443,,,,,,,,,,,328824,328730,,,,,,130720,130680,,,,,"2,96326530612245",,,,,,,,,,,,,,,,,,
165,80504721,,,,,,,,,,,330858,330766,,,,,,131520,131480,,,,,"2,98140589569161",,,,,,,,,,,,,,,,,,
166,80969871,,,,,,,,,,,332870,332702,,,,,,132280,132240,,,,,"2,99863945578231",,,,,,,,,,,,,,,,,,
167,81436393,,,,,,,,,,,334818,334724,,,,,,133040,133000,,,,,"3,01587301587302",,,,,,,,,,,,,,,,,,
168,81900900,,,,,,,,,,,336860,336754,,,,,,133800,133760,,,,,"3,03310657596372",,,,,,,,,,,,,,,,,,
169,82340678,,,,,,,,,,,338908,338800,,,,,,134520,134480,,,,,"3,04943310657596",,,,,,,,,,,,,,,,,,
170,82756885,,,,,,,,,,,340922,340742,,,,,,135200,135160,,,,,"3,06485260770975",,,,,,,,,,,,,,,,,,
171,83174764,,,,,,,,,,,342858,342754,,,,,,135880,135840,,,,,"3,08027210884354",,,,,,,,,,,,,,,,,,
172,83615785,,,,,,,,,,,344848,344746,,,,,,136600,136560,,,,,"3,09659863945578",,,,,,,,,,,,,,,,,,
173,84079693,,,,,,,,,,,346918,346818,,,,,,137360,137320,,,,,"3,11383219954648",,,,,,,,,,,,,,,,,,
174,84519985,,,,,,,,,,,348942,348766,,,,,,138080,138040,,,,,"3,13015873015873",,,,,,,,,,,,,,,,,,
175,84962593,,,,,,,,,,,350872,350774,,,,,,138800,138760,,,,,"3,14648526077098",,,,,,,,,,,,,,,,,,
176,85427743,,,,,,,,,,,352884,352788,,,,,,139560,139520,,,,,"3,16371882086168",,,,,,,,,,,,,,,,,,
177,85893493,,,,,,,,,,,354868,354772,,,,,,140320,140280,,,,,"3,18095238095238",,,,,,,,,,,,,,,,,,
178,86357957,,,,,,,,,,,356912,356820,,,,,,141080,141040,,,,,"3,19818594104308",,,,,,,,,,,,,,,,,,
179,86847021,,,,,,,,,,,358956,358862,,,,,,141880,141840,,,,,"3,21632653061224",,,,,,,,,,,,,,,,,,
180,87289285,,,,,,,,,,,360888,360714,,,,,,142600,142560,,,,,"3,23265306122449",,,,,,,,,,,,,,,,,,
181,87777278,,,,,,,,,,,362884,362788,,,,,,143360,143320,,,,,"3,24988662131519",,,,,,,,,,,,,,,,,,
182,88242900,,,,,,,,,,,364972,364874,,,,,,144160,144120,,,,,"3,26802721088435",,,,,,,,,,,,,,,,,,
183,88684907,,,,,,,,,,,366916,366820,,,,,,144880,144840,,,,,"3,2843537414966",,,,,,,,,,,,,,,,,,
184,89174743,,,,,,,,,,,368924,368832,,,,,,145680,145640,,,,,"3,30249433106576",,,,,,,,,,,,,,,,,,
185,89663035,,,,,,,,,,,370990,370896,,,,,,146480,146440,,,,,"3,32063492063492",,,,,,,,,,,,,,,,,,
186,90153643,,,,,,,,,,,372962,372870,,,,,,147280,147240,,,,,"3,33877551020408",,,,,,,,,,,,,,,,,,
187,90642621,,,,,,,,,,,375010,374844,,,,,,148080,148040,,,,,"3,35691609977324",,,,,,,,,,,,,,,,,,
188,91109400,,,,,,,,,,,376946,376846,,,,,,148840,148800,,,,,"3,37414965986395",,,,,,,,,,,,,,,,,,
189,91525907,,,,,,,,,,,378932,378824,,,,,,149520,149480,,,,,"3,38956916099773",,,,,,,,,,,,,,,,,,
190,91966071,,,,,,,,,,,380976,380874,,,,,,150240,150200,,,,,"3,40589569160998",,,,,,,,,,,,,,,,,,
191,92405421,,,,,,,,,,,383044,382868,,,,,,150960,150920,,,,,"3,42222222222222",,,,,,,,,,,,,,,,,,
192,92847343,,,,,,,,,,,385006,384908,,,,,,151680,151640,,,,,"3,43854875283447",,,,,,,,,,,,,,,,,,
193,93312235,,,,,,,,,,,387030,386932,,,,,,152440,152400,,,,,"3,45578231292517",,,,,,,,,,,,,,,,,,
194,93776228,,,,,,,,,,,389096,388926,,,,,,153200,153160,,,,,"3,47301587301587",,,,,,,,,,,,,,,,,,
195,94219907,,,,,,,,,,,390962,390868,,,,,,153920,153880,,,,,"3,48934240362812",,,,,,,,,,,,,,,,,,
196,94709271,,,,,,,,,,,392992,392900,,,,,,154720,154680,,,,,"3,50748299319728",,,,,,,,,,,,,,,,,,
197,95174850,,,,,,,,,,,394984,394816,,,,,,155480,155440,,,,,"3,52471655328798",,,,,,,,,,,,,,,,,,
198,95664471,,,,,,,,,,,396988,396896,,,,,,156280,156240,,,,,"3,54285714285714",,,,,,,,,,,,,,,,,,
199,96152335,,,,,,,,,,,399088,398924,,,,,,157080,157040,,,,,"3,5609977324263",,,,,,,,,,,,,,,,,,
200,96595457,,,,,,,,,,,400980,400880,,,,,,157800,157760,,,,,"3,57732426303855",,,,,,,,,,,,,,,,,,
201,97060735,,,,,,,,,,,402986,402886,,,,,,158560,158520,,,,,"3,59455782312925",,,,,,,,,,,,,,,,,,
202,97524814,,,,,,,,,,,405048,404878,,,,,,159320,159280,,,,,"3,61179138321995",,,,,,,,,,,,,,,,,,
203,97990907,,,,,,,,,,,407016,406922,,,,,,160080,160040,,,,,"3,62902494331066",,,,,,,,,,,,,,,,,,
204,98480357,,,,,,,,,,,409042,408948,,,,,,160880,160840,,,,,"3,64716553287982",,,,,,,,,,,,,,,,,,
205,98946235,,,,,,,,,,,411020,410928,,,,,,161640,161600,,,,,"3,66439909297052",,,,,,,,,,,,,,,,,,
206,99458871,,,,,,,,,,,413098,413004,,,,,,162480,162440,,,,,"3,68344671201814",,,,,,,,,,,,,,,,,,
207,99925221,,,,,,,,,,,415054,414964,,,,,,163240,163200,,,,,"3,70068027210884",,,,,,,,,,,,,,,,,,
208,100415485,,,,,,,,,,,417042,416950,,,,,,164040,164000,,,,,"3,718820861678",,,,,,,,,,,,,,,,,,
209,100878150,,,,,,,,,,,419170,418994,,,,,,164800,164760,,,,,"3,73605442176871",,,,,,,,,,,,,,,,,,
210,101295600,,,,,,,,,,,421126,421020,,,,,,165480,165440,,,,,"3,75147392290249",,,,,,,,,,,,,,,,,,
211,101713650,,,,,,,,,,,423054,422948,,,,,,166160,166120,,,,,"3,76689342403628",,,,,,,,,,,,,,,,,,
212,102154500,,,,,,,,,,,425052,424950,,,,,,166880,166840,,,,,"3,78321995464853",,,,,,,,,,,,,,,,,,
213,102618407,,,,,,,,,,,427122,427020,,,,,,167640,167600,,,,,"3,80045351473923",,,,,,,,,,,,,,,,,,
214,103036157,,,,,,,,,,,429064,428888,,,,,,168320,168280,,,,,"3,81587301587302",,,,,,,,,,,,,,,,,,
215,103500964,,,,,,,,,,,431092,430996,,,,,,169080,169040,,,,,"3,83310657596372",,,,,,,,,,,,,,,,,,
216,103966157,,,,,,,,,,,433102,433006,,,,,,169840,169800,,,,,"3,85034013605442",,,,,,,,,,,,,,,,,,
217,104430493,,,,,,,,,,,435152,434980,,,,,,170600,170560,,,,,"3,86757369614512",,,,,,,,,,,,,,,,,,
218,104896543,,,,,,,,,,,437122,437030,,,,,,171360,171320,,,,,"3,88480725623583",,,,,,,,,,,,,,,,,,
219,105385521,,,,,,,,,,,439156,439062,,,,,,172160,172120,,,,,"3,90294784580499",,,,,,,,,,,,,,,,,,
220,105828000,,,,,,,,,,,441092,440994,,,,,,172880,172840,,,,,"3,91927437641723",,,,,,,,,,,,,,,,,,
221,106315864,,,,,,,,,,,443178,443080,,,,,,173680,173640,,,,,"3,93741496598639",,,,,,,,,,,,,,,,,,
222,106780114,,,,,,,,,,,445246,445072,,,,,,174440,174400,,,,,"3,9546485260771",,,,,,,,,,,,,,,,,,
223,107223450,,,,,,,,,,,447128,447036,,,,,,175160,175120,,,,,"3,97097505668934",,,,,,,,,,,,,,,,,,
224,107689457,,,,,,,,,,,449100,449004,,,,,,175920,175880,,,,,"3,98820861678005",,,,,,,,,,,,,,,,,,
225,108177235,,,,,,,,,,,451204,451038,,,,,,176720,176680,,,,,"4,00634920634921",,,,,,,,,,,,,,,,,,
226,108644657,,,,,,,,,,,453110,453018,,,,,,177480,177440,,,,,"4,02358276643991",,,,,,,,,,,,,,,,,,
227,109156307,,,,,,,,,,,455234,455068,,,,,,178320,178280,,,,,"4,04263038548753",,,,,,,,,,,,,,,,,,
228,109647557,,,,,,,,,,,457176,457084,,,,,,179120,179080,,,,,"4,06077097505669",,,,,,,,,,,,,,,,,,
229,110113350,,,,,,,,,,,459158,459052,,,,,,179880,179840,,,,,"4,07800453514739",,,,,,,,,,,,,,,,,,
230,110529600,,,,,,,,,,,461156,460970,,,,,,180560,180520,,,,,"4,09342403628118",,,,,,,,,,,,,,,,,,
231,110945550,,,,,,,,,,,463182,463068,,,,,,181240,181200,,,,,"4,10884353741497",,,,,,,,,,,,,,,,,,
232,111361328,,,,,,,,,,,465216,465108,,,,,,181920,181880,,,,,"4,12426303854875",,,,,,,,,,,,,,,,,,
233,111778093,,,,,,,,,,,467204,467098,,,,,,182600,182560,,,,,"4,13968253968254",,,,,,,,,,,,,,,,,,
234,112195157,,,,,,,,,,,469164,469056,,,,,,183280,183240,,,,,"4,15510204081633",,,,,,,,,,,,,,,,,,
235,112635664,,,,,,,,,,,471192,471090,,,,,,184000,183960,,,,,"4,17142857142857",,,,,,,,,,,,,,,,,,
236,113076985,,,,,,,,,,,473168,473066,,,,,,184720,184680,,,,,"4,18775510204082",,,,,,,,,,,,,,,,,,
237,113517107,,,,,,,,,,,475200,475100,,,,,,185440,185400,,,,,"4,20408163265306",,,,,,,,,,,,,,,,,,
238,113982171,,,,,,,,,,,477230,477132,,,,,,186200,186160,,,,,"4,22131519274376",,,,,,,,,,,,,,,,,,
239,114447364,,,,,,,,,,,479240,479144,,,,,,186960,186920,,,,,"4,23854875283447",,,,,,,,,,,,,,,,,,
240,114888600,,,,,,,,,,,481220,481122,,,,,,187680,187640,,,,,"4,25487528344671",,,,,,,,,,,,,,,,,,
241,115354050,,,,,,,,,,,483218,483120,,,,,,188440,188400,,,,,"4,27210884353742",,,,,,,,,,,,,,,,,,
242,115819585,,,,,,,,,,,485212,485114,,,,,,189200,189160,,,,,"4,28934240362812",,,,,,,,,,,,,,,,,,
243,116283407,,,,,,,,,,,487286,487190,,,,,,189960,189920,,,,,"4,30657596371882",,,,,,,,,,,,,,,,,,
244,116749157,,,,,,,,,,,489270,489174,,,,,,190720,190680,,,,,"4,32380952380952",,,,,,,,,,,,,,,,,,
245,117215207,,,,,,,,,,,491240,491144,,,,,,191480,191440,,,,,"4,34104308390023",,,,,,,,,,,,,,,,,,
246,117680228,,,,,,,,,,,493258,493162,,,,,,192240,192200,,,,,"4,35827664399093",,,,,,,,,,,,,,,,,,
247,118169978,,,,,,,,,,,495270,495178,,,,,,193040,193000,,,,,"4,37641723356009",,,,,,,,,,,,,,,,,,
248,118635900,,,,,,,,,,,497246,497152,,,,,,193800,193760,,,,,"4,39365079365079",,,,,,,,,,,,,,,,,,
249,119148964,,,,,,,,,,,499304,499214,,,,,,194640,194600,,,,,"4,41269841269841",,,,,,,,,,,,,,,,,,
250,119590200,,,,,,,,,,,501284,501104,,,,,,195360,195320,,,,,"4,42902494331066",,,,,,,,,,,,,,,,,,
251,120007178,,,,,,,,,,,503262,503152,,,,,,196040,196000,,,,,"4,44444444444444",,,,,,,,,,,,,,,,,,
252,120447128,,,,,,,,,,,505316,505210,,,,,,196760,196720,,,,,"4,46077097505669",,,,,,,,,,,,,,,,,,
253,120864793,,,,,,,,,,,507248,507142,,,,,,197440,197400,,,,,"4,47619047619048",,,,,,,,,,,,,,,,,,
254,121305771,,,,,,,,,,,509254,509152,,,,,,198160,198120,,,,,"4,49251700680272",,,,,,,,,,,,,,,,,,
255,121767621,,,,,,,,,,,511420,511244,,,,,,198920,198880,,,,,"4,50975056689342",,,,,,,,,,,,,,,,,,
256,122186400,,,,,,,,,,,513300,513198,,,,,,199600,199560,,,,,"4,52517006802721",,,,,,,,,,,,,,,,,,
257,122650778,,,,,,,,,,,515348,515248,,,,,,200360,200320,,,,,"4,54240362811791",,,,,,,,,,,,,,,,,,
258,123093343,,,,,,,,,,,517280,517182,,,,,,201080,201040,,,,,"4,55873015873016",,,,,,,,,,,,,,,,,,
259,123556864,,,,,,,,,,,519368,519270,,,,,,201840,201800,,,,,"4,57596371882086",,,,,,,,,,,,,,,,,,
260,124022485,,,,,,,,,,,521358,521262,,,,,,202600,202560,,,,,"4,59319727891157",,,,,,,,,,,,,,,,,,
261,124488107,,,,,,,,,,,523348,523252,,,,,,203360,203320,,,,,"4,61043083900227",,,,,,,,,,,,,,,,,,
262,124929728,,,,,,,,,,,525310,525212,,,,,,204080,204040,,,,,"4,62675736961451",,,,,,,,,,,,,,,,,,
263,125395178,,,,,,,,,,,527308,527212,,,,,,204840,204800,,,,,"4,64399092970522",,,,,,,,,,,,,,,,,,
264,125860714,,,,,,,,,,,529302,529206,,,,,,205600,205560,,,,,"4,66122448979592",,,,,,,,,,,,,,,,,,
265,126324921,,,,,,,,,,,531358,531260,,,,,,206360,206320,,,,,"4,67845804988662",,,,,,,,,,,,,,,,,,
266,126790843,,,,,,,,,,,533334,533238,,,,,,207120,207080,,,,,"4,69569160997732",,,,,,,,,,,,,,,,,,
267,127278878,,,,,,,,,,,535426,535254,,,,,,207920,207880,,,,,"4,71383219954649",,,,,,,,,,,,,,,,,,
268,127769443,,,,,,,,,,,537400,537310,,,,,,208720,208680,,,,,"4,73197278911565",,,,,,,,,,,,,,,,,,
269,128258121,,,,,,,,,,,539448,539282,,,,,,209520,209480,,,,,"4,75011337868481",,,,,,,,,,,,,,,,,,
270,128725757,,,,,,,,,,,541344,541256,,,,,,210280,210240,,,,,"4,76734693877551",,,,,,,,,,,,,,,,,,
271,129166393,,,,,,,,,,,543366,543254,,,,,,211000,210960,,,,,"4,78367346938776",,,,,,,,,,,,,,,,,,
272,129583457,,,,,,,,,,,545340,545234,,,,,,211680,211640,,,,,"4,79909297052154",,,,,,,,,,,,,,,,,,
273,130022164,,,,,,,,,,,547438,547264,,,,,,212400,212360,,,,,"4,81541950113379",,,,,,,,,,,,,,,,,,
274,130463271,,,,,,,,,,,549424,549324,,,,,,213120,213080,,,,,"4,83174603174603",,,,,,,,,,,,,,,,,,
275,130905021,,,,,,,,,,,551394,551294,,,,,,213840,213800,,,,,"4,84807256235828",,,,,,,,,,,,,,,,,,
276,131369314,,,,,,,,,,,553446,553348,,,,,,214600,214560,,,,,"4,86530612244898",,,,,,,,,,,,,,,,,,
277,131809735,,,,,,,,,,,555464,555292,,,,,,215320,215280,,,,,"4,88163265306122",,,,,,,,,,,,,,,,,,
278,132252471,,,,,,,,,,,557374,557276,,,,,,216040,216000,,,,,"4,89795918367347",,,,,,,,,,,,,,,,,,
279,132740593,,,,,,,,,,,559462,559366,,,,,,216840,216800,,,,,"4,91609977324263",,,,,,,,,,,,,,,,,,
280,133182428,,,,,,,,,,,561428,561256,,,,,,217560,217520,,,,,"4,93242630385488",,,,,,,,,,,,,,,,,,
281,133648650,,,,,,,,,,,563390,563296,,,,,,218320,218280,,,,,"4,94965986394558",,,,,,,,,,,,,,,,,,
282,134136385,,,,,,,,,,,565482,565382,,,,,,219120,219080,,,,,"4,96780045351474",,,,,,,,,,,,,,,,,,
283,134577878,,,,,,,,,,,567464,567366,,,,,,219840,219800,,,,,"4,98412698412698",,,,,,,,,,,,,,,,,,
284,135043285,,,,,,,,,,,569464,569368,,,,,,220600,220560,,,,,"5,00136054421769",,,,,,,,,,,,,,,,,,
285,135508907,,,,,,,,,,,571454,571358,,,,,,221360,221320,,,,,"5,01859410430839",,,,,,,,,,,,,,,,,,
286,135973414,,,,,,,,,,,573496,573402,,,,,,222120,222080,,,,,"5,03582766439909",,,,,,,,,,,,,,,,,,
287,136440450,,,,,,,,,,,575420,575326,,,,,,222880,222840,,,,,"5,0530612244898",,,,,,,,,,,,,,,,,,
288,136928485,,,,,,,,,,,577498,577334,,,,,,223680,223640,,,,,"5,07120181405896",,,,,,,,,,,,,,,,,,
289,137418407,,,,,,,,,,,579502,579410,,,,,,224480,224440,,,,,"5,08934240362812",,,,,,,,,,,,,,,,,,
290,137906700,,,,,,,,,,,581582,581414,,,,,,225280,225240,,,,,"5,10748299319728",,,,,,,,,,,,,,,,,,
291,138373264,,,,,,,,,,,583528,583430,,,,,,226040,226000,,,,,"5,12471655328798",,,,,,,,,,,,,,,,,,
292,138790500,,,,,,,,,,,585480,585374,,,,,,226720,226680,,,,,"5,14013605442177",,,,,,,,,,,,,,,,,,
293,139207693,,,,,,,,,,,587448,587342,,,,,,227400,227360,,,,,"5,15555555555556",,,,,,,,,,,,,,,,,,
294,139648628,,,,,,,,,,,589456,589354,,,,,,228120,228080,,,,,"5,1718820861678",,,,,,,,,,,,,,,,,,
295,140088235,,,,,,,,,,,591512,591336,,,,,,228840,228800,,,,,"5,18820861678005",,,,,,,,,,,,,,,,,,
296,140552785,,,,,,,,,,,593552,593454,,,,,,229600,229560,,,,,"5,20544217687075",,,,,,,,,,,,,,,,,,
297,141018193,,,,,,,,,,,595552,595454,,,,,,230360,230320,,,,,"5,22267573696145",,,,,,,,,,,,,,,,,,
298,141459985,,,,,,,,,,,597506,597334,,,,,,231080,231040,,,,,"5,2390022675737",,,,,,,,,,,,,,,,,,
299,141948664,,,,,,,,,,,599568,599472,,,,,,231880,231840,,,,,"5,25714285714286",,,,,,,,,,,,,,,,,,
300,142415357,,,,,,,,,,,601508,601416,,,,,,232640,232600,,,,,"5,27437641723356",,,,,,,,,,,,,,,,,,
301,142880421,,,,,,,,,,,603524,603428,,,,,,233400,233360,,,,,"5,29160997732426",,,,,,,,,,,,,,,,,,
302,143369743,,,,,,,,,,,605556,605464,,,,,,234200,234160,,,,,"5,30975056689342",,,,,,,,,,,,,,,,,,
303,143811493,,,,,,,,,,,607512,607340,,,,,,234920,234880,,,,,"5,32607709750567",,,,,,,,,,,,,,,,,,
304,144276985,,,,,,,,,,,609508,609412,,,,,,235680,235640,,,,,"5,34331065759637",,,,,,,,,,,,,,,,,,
305,144765407,,,,,,,,,,,611582,611484,,,,,,236480,236440,,,,,"5,36145124716553",,,,,,,,,,,,,,,,,,
306,145207714,,,,,,,,,,,613512,613340,,,,,,237200,237160,,,,,"5,37777777777778",,,,,,,,,,,,,,,,,,
307,145697250,,,,,,,,,,,615534,615442,,,,,,238000,237960,,,,,"5,39591836734694",,,,,,,,,,,,,,,,,,
308,146185714,,,,,,,,,,,617592,617430,,,,,,238800,238760,,,,,"5,4140589569161",,,,,,,,,,,,,,,,,,
309,146676150,,,,,,,,,,,619572,619482,,,,,,239600,239560,,,,,"5,43219954648526",,,,,,,,,,,,,,,,,,
310,147164657,,,,,,,,,,,621642,621474,,,,,,240400,240360,,,,,"5,45034013605442",,,,,,,,,,,,,,,,,,
311,147631478,,,,,,,,,,,623576,623466,,,,,,241160,241120,,,,,"5,46757369614512",,,,,,,,,,,,,,,,,,
312,148048457,,,,,,,,,,,625554,625442,,,,,,241840,241800,,,,,"5,48299319727891",,,,,,,,,,,,,,,,,,
313,148464107,,,,,,,,,,,627580,627472,,,,,,242520,242480,,,,,"5,4984126984127",,,,,,,,,,,,,,,,,,
314,148880357,,,,,,,,,,,629592,629484,,,,,,243200,243160,,,,,"5,51383219954649",,,,,,,,,,,,,,,,,,
315,149297421,,,,,,,,,,,631566,631458,,,,,,243880,243840,,,,,"5,52925170068027",,,,,,,,,,,,,,,,,,
316,149735743,,,,,,,,,,,633682,633502,,,,,,244600,244560,,,,,"5,54557823129252",,,,,,,,,,,,,,,,,,
317,150154007,,,,,,,,,,,635600,635498,,,,,,245280,245240,,,,,"5,5609977324263",,,,,,,,,,,,,,,,,,
318,150594985,,,,,,,,,,,637592,637488,,,,,,246000,245960,,,,,"5,57732426303855",,,,,,,,,,,,,,,,,,
319,151058721,,,,,,,,,,,639670,639568,,,,,,246760,246720,,,,,"5,59455782312925",,,,,,,,,,,,,,,,,,
320,151499271,,,,,,,,,,,641696,641522,,,,,,247480,247440,,,,,"5,6108843537415",,,,,,,,,,,,,,,,,,
321,151941364,,,,,,,,,,,643636,643538,,,,,,248200,248160,,,,,"5,62721088435374",,,,,,,,,,,,,,,,,,
322,152406171,,,,,,,,,,,645664,645562,,,,,,248960,248920,,,,,"5,64444444444445",,,,,,,,,,,,,,,,,,
323,152869350,,,,,,,,,,,647768,647592,,,,,,249720,249680,,,,,"5,66167800453515",,,,,,,,,,,,,,,,,,
324,153289243,,,,,,,,,,,649610,649436,,,,,,250400,250360,,,,,"5,67709750566893",,,,,,,,,,,,,,,,,,
325,153754221,,,,,,,,,,,651630,651532,,,,,,251160,251120,,,,,"5,69433106575964",,,,,,,,,,,,,,,,,,
326,154219757,,,,,,,,,,,653624,653526,,,,,,251920,251880,,,,,"5,71156462585034",,,,,,,,,,,,,,,,,,
327,154683964,,,,,,,,,,,655680,655584,,,,,,252680,252640,,,,,"5,72879818594104",,,,,,,,,,,,,,,,,,
328,155150528,,,,,,,,,,,657626,657534,,,,,,253440,253400,,,,,"5,74603174603175",,,,,,,,,,,,,,,,,,
329,155638735,,,,,,,,,,,659710,659544,,,,,,254240,254200,,,,,"5,76417233560091",,,,,,,,,,,,,,,,,,
330,156128571,,,,,,,,,,,661704,661614,,,,,,255040,255000,,,,,"5,78231292517007",,,,,,,,,,,,,,,,,,
331,156617293,,,,,,,,,,,663764,663598,,,,,,255840,255800,,,,,"5,80045351473923",,,,,,,,,,,,,,,,,,
332,157084714,,,,,,,,,,,665670,665574,,,,,,256600,256560,,,,,"5,81768707482993",,,,,,,,,,,,,,,,,,
333,157525007,,,,,,,,,,,667694,667592,,,,,,257320,257280,,,,,"5,83401360544218",,,,,,,,,,,,,,,,,,
334,157965600,,,,,,,,,,,669718,669616,,,,,,258040,258000,,,,,"5,85034013605442",,,,,,,,,,,,,,,,,,
335,158404778,,,,,,,,,,,671794,671614,,,,,,258760,258720,,,,,"5,86666666666667",,,,,,,,,,,,,,,,,,
336,158823257,,,,,,,,,,,673702,673598,,,,,,259440,259400,,,,,"5,88208616780045",,,,,,,,,,,,,,,,,,
337,159264321,,,,,,,,,,,675690,675588,,,,,,260160,260120,,,,,"5,8984126984127",,,,,,,,,,,,,,,,,,
338,159728485,,,,,,,,,,,677748,677648,,,,,,260920,260880,,,,,"5,9156462585034",,,,,,,,,,,,,,,,,,
339,160169507,,,,,,,,,,,679752,679578,,,,,,261640,261600,,,,,"5,93197278911565",,,,,,,,,,,,,,,,,,
340,160634914,,,,,,,,,,,681752,681656,,,,,,262400,262360,,,,,"5,94920634920635",,,,,,,,,,,,,,,,,,
341,161100835,,,,,,,,,,,683728,683632,,,,,,263160,263120,,,,,"5,96643990929705",,,,,,,,,,,,,,,,,,
342,161565300,,,,,,,,,,,685772,685676,,,,,,263920,263880,,,,,"5,98367346938776",,,,,,,,,,,,,,,,,,
343,162032164,,,,,,,,,,,687704,687608,,,,,,264680,264640,,,,,"6,00090702947846",,,,,,,,,,,,,,,,,,
344,162520585,,,,,,,,,,,689764,689666,,,,,,265480,265440,,,,,"6,01904761904762",,,,,,,,,,,,,,,,,,
345,162961950,,,,,,,,,,,691752,691652,,,,,,266200,266160,,,,,"6,03537414965986",,,,,,,,,,,,,,,,,,
346,163427314,,,,,,,,,,,693754,693658,,,,,,266960,266920,,,,,"6,05260770975057",,,,,,,,,,,,,,,,,,
347,163892807,,,,,,,,,,,695750,695652,,,,,,267720,267680,,,,,"6,06984126984127",,,,,,,,,,,,,,,,,,
348,164357400,,,,,,,,,,,697788,697694,,,,,,268480,268440,,,,,"6,08707482993197",,,,,,,,,,,,,,,,,,
349,164847107,,,,,,,,,,,699802,699710,,,,,,269280,269240,,,,,"6,10521541950113",,,,,,,,,,,,,,,,,,
350,165313457,,,,,,,,,,,701758,701668,,,,,,270040,270000,,,,,"6,12244897959184",,,,,,,,,,,,,,,,,,
351,165803635,,,,,,,,,,,703736,703646,,,,,,270840,270800,,,,,"6,140589569161",,,,,,,,,,,,,,,,,,
352,166292614,,,,,,,,,,,705784,705690,,,,,,271640,271600,,,,,"6,15873015873016",,,,,,,,,,,,,,,,,,
353,166758021,,,,,,,,,,,707784,707672,,,,,,272400,272360,,,,,"6,17596371882086",,,,,,,,,,,,,,,,,,
354,167174957,,,,,,,,,,,709764,709660,,,,,,273080,273040,,,,,"6,19138321995465",,,,,,,,,,,,,,,,,,
355,167615678,,,,,,,,,,,711768,711666,,,,,,273800,273760,,,,,"6,20770975056689",,,,,,,,,,,,,,,,,,
356,168055028,,,,,,,,,,,713836,713662,,,,,,274520,274480,,,,,"6,22403628117914",,,,,,,,,,,,,,,,,,
357,168497164,,,,,,,,,,,715788,715690,,,,,,275240,275200,,,,,"6,24036281179138",,,,,,,,,,,,,,,,,,
358,168962143,,,,,,,,,,,717808,717712,,,,,,276000,275960,,,,,"6,25759637188209",,,,,,,,,,,,,,,,,,
359,169426050,,,,,,,,,,,719878,719704,,,,,,276760,276720,,,,,"6,27482993197279",,,,,,,,,,,,,,,,,,
360,169892100,,,,,,,,,,,721848,721752,,,,,,277520,277480,,,,,"6,29206349206349",,,,,,,,,,,,,,,,,,
361,170358793,,,,,,,,,,,723788,723696,,,,,,278280,278240,,,,,"6,3092970521542",,,,,,,,,,,,,,,,,,
362,170823471,,,,,,,,,,,725822,725724,,,,,,279040,279000,,,,,"6,3265306122449",,,,,,,,,,,,,,,,,,
363,171312878,,,,,,,,,,,727850,727756,,,,,,279840,279800,,,,,"6,34467120181406",,,,,,,,,,,,,,,,,,
364,171779143,,,,,,,,,,,729810,729712,,,,,,280600,280560,,,,,"6,36190476190476",,,,,,,,,,,,,,,,,,
365,172242750,,,,,,,,,,,731894,731796,,,,,,281360,281320,,,,,"6,37913832199547",,,,,,,,,,,,,,,,,,
366,172708457,,,,,,,,,,,733880,733786,,,,,,282120,282080,,,,,"6,39637188208617",,,,,,,,,,,,,,,,,,
367,173173393,,,,,,,,,,,735902,735730,,,,,,282880,282840,,,,,"6,41360544217687",,,,,,,,,,,,,,,,,,
368,173640085,,,,,,,,,,,737842,737748,,,,,,283640,283600,,,,,"6,43083900226757",,,,,,,,,,,,,,,,,,
369,174129835,,,,,,,,,,,739840,739746,,,,,,284440,284400,,,,,"6,44897959183674",,,,,,,,,,,,,,,,,,
370,174618514,,,,,,,,,,,741902,741810,,,,,,285240,285200,,,,,"6,4671201814059",,,,,,,,,,,,,,,,,,
371,175109335,,,,,,,,,,,743864,743772,,,,,,286040,286000,,,,,"6,48526077097506",,,,,,,,,,,,,,,,,,
372,175598143,,,,,,,,,,,745906,745816,,,,,,286840,286800,,,,,"6,50340136054422",,,,,,,,,,,,,,,,,,
373,176087164,,,,,,,,,,,747844,747740,,,,,,287600,287560,,,,,"6,52063492063492",,,,,,,,,,,,,,,,,,
374,176504785,,,,,,,,,,,749900,749794,,,,,,288320,288280,,,,,"6,53696145124717",,,,,,,,,,,,,,,,,,
375,176920650,,,,,,,,,,,751916,751740,,,,,,289000,288960,,,,,"6,55238095238095",,,,,,,,,,,,,,,,,,
376,177360857,,,,,,,,,,,753958,753852,,,,,,289720,289680,,,,,"6,5687074829932",,,,,,,,,,,,,,,,,,
377,177779293,,,,,,,,,,,755868,755764,,,,,,290400,290360,,,,,"6,58412698412698",,,,,,,,,,,,,,,,,,
378,178242900,,,,,,,,,,,757952,757850,,,,,,291160,291120,,,,,"6,60136054421769",,,,,,,,,,,,,,,,,,
379,178683193,,,,,,,,,,,759976,759806,,,,,,291880,291840,,,,,"6,61768707482993",,,,,,,,,,,,,,,,,,
380,179125757,,,,,,,,,,,761894,761796,,,,,,292600,292560,,,,,"6,63401360544218",,,,,,,,,,,,,,,,,,
381,179590907,,,,,,,,,,,763906,763810,,,,,,293360,293320,,,,,"6,65124716553288",,,,,,,,,,,,,,,,,,
382,180077571,,,,,,,,,,,766062,765888,,,,,,294160,294120,,,,,"6,66938775510204",,,,,,,,,,,,,,,,,,
383,180521464,,,,,,,,,,,767918,767824,,,,,,294880,294840,,,,,"6,68571428571429",,,,,,,,,,,,,,,,,,
384,181010185,,,,,,,,,,,769978,769884,,,,,,295680,295640,,,,,"6,70385487528345",,,,,,,,,,,,,,,,,,
385,181452021,,,,,,,,,,,771930,771758,,,,,,296400,296360,,,,,"6,72018140589569",,,,,,,,,,,,,,,,,,
386,181917257,,,,,,,,,,,773938,773840,,,,,,297160,297120,,,,,"6,73741496598639",,,,,,,,,,,,,,,,,,
387,182383307,,,,,,,,,,,775922,775826,,,,,,297920,297880,,,,,"6,7546485260771",,,,,,,,,,,,,,,,,,
388,182847857,,,,,,,,,,,777962,777864,,,,,,298680,298640,,,,,"6,7718820861678",,,,,,,,,,,,,,,,,,
389,183336621,,,,,,,,,,,780006,779914,,,,,,299480,299440,,,,,"6,79002267573696",,,,,,,,,,,,,,,,,,
390,183802628,,,,,,,,,,,781978,781812,,,,,,300240,300200,,,,,"6,80725623582767",,,,,,,,,,,,,,,,,,
391,184292893,,,,,,,,,,,783966,783876,,,,,,301040,301000,,,,,"6,82539682539683",,,,,,,,,,,,,,,,,,
392,184804928,,,,,,,,,,,786072,785910,,,,,,301880,301840,,,,,"6,84444444444444",,,,,,,,,,,,,,,,,,
393,185295878,,,,,,,,,,,788028,787930,,,,,,302680,302640,,,,,"6,86258503401361",,,,,,,,,,,,,,,,,,
394,185713585,,,,,,,,,,,789972,789868,,,,,,303360,303320,,,,,"6,87800453514739",,,,,,,,,,,,,,,,,,
395,186129107,,,,,,,,,,,792004,791896,,,,,,304040,304000,,,,,"6,89342403628118",,,,,,,,,,,,,,,,,,
396,186544928,,,,,,,,,,,794036,793924,,,,,,304720,304680,,,,,"6,90884353741497",,,,,,,,,,,,,,,,,,
397,186959764,,,,,,,,,,,796114,795934,,,,,,305400,305360,,,,,"6,92426303854875",,,,,,,,,,,,,,,,,,
398,187377214,,,,,,,,,,,798070,797968,,,,,,306080,306040,,,,,"6,93968253968254",,,,,,,,,,,,,,,,,,
399,187794364,,,,,,,,,,,800026,799920,,,,,,306760,306720,,,,,"6,95510204081633",,,,,,,,,,,,,,,,,,
400,188235300,,,,,,,,,,,802034,801932,,,,,,307480,307440,,,,,"6,97142857142857",,,,,,,,,,,,,,,,,,
401,188676835,,,,,,,,,,,804000,803902,,,,,,308200,308160,,,,,"6,98775510204082",,,,,,,,,,,,,,,,,,
402,189139885,,,,,,,,,,,806110,805936,,,,,,308960,308920,,,,,"7,00498866213152",,,,,,,,,,,,,,,,,,
403,189583007,,,,,,,,,,,808016,807920,,,,,,309680,309640,,,,,"7,02131519274376",,,,,,,,,,,,,,,,,,
404,190048371,,,,,,,,,,,810018,809920,,,,,,310440,310400,,,,,"7,03854875283447",,,,,,,,,,,,,,,,,,
405,190512364,,,,,,,,,,,812084,811910,,,,,,311200,311160,,,,,"7,05578231292517",,,,,,,,,,,,,,,,,,
406,190977514,,,,,,,,,,,814096,813998,,,,,,311960,311920,,,,,"7,07301587301587",,,,,,,,,,,,,,,,,,
407,191443221,,,,,,,,,,,816082,815986,,,,,,312720,312680,,,,,"7,09024943310658",,,,,,,,,,,,,,,,,,
408,191885100,,,,,,,,,,,818032,817864,,,,,,313440,313400,,,,,"7,10657596371882",,,,,,,,,,,,,,,,,,
409,192374293,,,,,,,,,,,820070,819978,,,,,,314240,314200,,,,,"7,12471655328798",,,,,,,,,,,,,,,,,,
410,192861728,,,,,,,,,,,822176,822004,,,,,,315040,315000,,,,,"7,14285714285714",,,,,,,,,,,,,,,,,,
411,193328635,,,,,,,,,,,824106,824012,,,,,,315800,315760,,,,,"7,16009070294785",,,,,,,,,,,,,,,,,,
412,193818685,,,,,,,,,,,826104,826012,,,,,,316600,316560,,,,,"7,17823129251701",,,,,,,,,,,,,,,,,,
413,194284521,,,,,,,,,,,828084,827992,,,,,,317360,317320,,,,,"7,19546485260771",,,,,,,,,,,,,,,,,,
414,194774700,,,,,,,,,,,830076,829978,,,,,,318160,318120,,,,,"7,21360544217687",,,,,,,,,,,,,,,,,,
415,195213664,,,,,,,,,,,832054,831946,,,,,,318840,318800,,,,,"7,22902494331066",,,,,,,,,,,,,,,,,,
416,195630000,,,,,,,,,,,834170,833990,,,,,,319560,319520,,,,,"7,2453514739229",,,,,,,,,,,,,,,,,,
417,196047921,,,,,,,,,,,836104,835998,,,,,,320240,320200,,,,,"7,26077097505669",,,,,,,,,,,,,,,,,,
418,196488728,,,,,,,,,,,838104,838002,,,,,,320960,320920,,,,,"7,27709750566893",,,,,,,,,,,,,,,,,,
419,196929793,,,,,,,,,,,840092,839990,,,,,,321680,321640,,,,,"7,29342403628118",,,,,,,,,,,,,,,,,,
420,197391900,,,,,,,,,,,842246,842070,,,,,,322440,322400,,,,,"7,31065759637188",,,,,,,,,,,,,,,,,,
421,197811835,,,,,,,,,,,844086,843984,,,,,,323120,323080,,,,,"7,32607709750567",,,,,,,,,,,,,,,,,,
422,198276771,,,,,,,,,,,846108,846012,,,,,,323880,323840,,,,,"7,34331065759637",,,,,,,,,,,,,,,,,,
423,198742264,,,,,,,,,,,848104,848004,,,,,,324640,324600,,,,,"7,36054421768707",,,,,,,,,,,,,,,,,,
424,199206385,,,,,,,,,,,850164,850066,,,,,,325400,325360,,,,,"7,37777777777778",,,,,,,,,,,,,,,,,,
425,199672221,,,,,,,,,,,852144,852046,,,,,,326160,326120,,,,,"7,39501133786848",,,,,,,,,,,,,,,,,,
426,200137928,,,,,,,,,,,854130,854034,,,,,,326920,326880,,,,,"7,41224489795918",,,,,,,,,,,,,,,,,,
427,200601921,,,,,,,,,,,856196,856098,,,,,,327680,327640,,,,,"7,42947845804989",,,,,,,,,,,,,,,,,,
428,201067371,,,,,,,,,,,858194,858098,,,,,,328440,328400,,,,,"7,44671201814059",,,,,,,,,,,,,,,,,,
429,201531578,,,,,,,,,,,860250,860080,,,,,,329200,329160,,,,,"7,46394557823129",,,,,,,,,,,,,,,,,,
430,201997714,,,,,,,,,,,862216,862120,,,,,,329960,329920,,,,,"7,481179138322",,,,,,,,,,,,,,,,,,
431,202464793,,,,,,,,,,,864138,864046,,,,,,330720,330680,,,,,"7,4984126984127",,,,,,,,,,,,,,,,,,
432,202953171,,,,,,,,,,,866214,866120,,,,,,331520,331480,,,,,"7,51655328798186",,,,,,,,,,,,,,,,,,
433,203444121,,,,,,,,,,,868170,868078,,,,,,332320,332280,,,,,"7,53469387755102",,,,,,,,,,,,,,,,,,
434,203932714,,,,,,,,,,,870222,870130,,,,,,333120,333080,,,,,"7,55283446712018",,,,,,,,,,,,,,,,,,
435,204397435,,,,,,,,,,,872254,872144,,,,,,333880,333840,,,,,"7,57006802721088",,,,,,,,,,,,,,,,,,
436,204791228,,,,,,,,,,,874166,874056,,,,,,334520,334480,,,,,"7,58458049886621",,,,,,,,,,,,,,,,,,
437,205231350,,,,,,,,,,,876212,876110,,,,,,335240,335200,,,,,"7,60090702947846",,,,,,,,,,,,,,,,,,
438,205670871,,,,,,,,,,,878272,878094,,,,,,335960,335920,,,,,"7,6172335600907",,,,,,,,,,,,,,,,,,
439,206112707,,,,,,,,,,,880238,880138,,,,,,336680,336640,,,,,"7,63356009070295",,,,,,,,,,,,,,,,,,
440,206554757,,,,,,,,,,,882180,882082,,,,,,337400,337360,,,,,"7,64988662131519",,,,,,,,,,,,,,,,,,
441,207019993,,,,,,,,,,,884188,884090,,,,,,338160,338120,,,,,"7,6671201814059",,,,,,,,,,,,,,,,,,
442,207484028,,,,,,,,,,,886252,886154,,,,,,338920,338880,,,,,"7,6843537414966",,,,,,,,,,,,,,,,,,
443,207949778,,,,,,,,,,,888236,888142,,,,,,339680,339640,,,,,"7,7015873015873",,,,,,,,,,,,,,,,,,
444,208436914,,,,,,,,,,,890370,890198,,,,,,340480,340440,,,,,"7,71972789115646",,,,,,,,,,,,,,,,,,
445,208880850,,,,,,,,,,,892224,892130,,,,,,341200,341160,,,,,"7,73605442176871",,,,,,,,,,,,,,,,,,
446,209369528,,,,,,,,,,,894286,894190,,,,,,342000,341960,,,,,"7,75419501133787",,,,,,,,,,,,,,,,,,
447,209810850,,,,,,,,,,,896262,896090,,,,,,342720,342680,,,,,"7,77052154195011",,,,,,,,,,,,,,,,,,
448,210276214,,,,,,,,,,,898264,898166,,,,,,343480,343440,,,,,"7,78775510204082",,,,,,,,,,,,,,,,,,
449,210741835,,,,,,,,,,,900254,900158,,,,,,344240,344200,,,,,"7,80498866213152",,,,,,,,,,,,,,,,,,
450,211206171,,,,,,,,,,,902304,902208,,,,,,345000,344960,,,,,"7,82222222222222",,,,,,,,,,,,,,,,,,
451,211673035,,,,,,,,,,,904236,904142,,,,,,345760,345720,,,,,"7,83945578231293",,,,,,,,,,,,,,,,,,
452,212162700,,,,,,,,,,,906252,906160,,,,,,346560,346520,,,,,"7,85759637188209",,,,,,,,,,,,,,,,,,
453,212651593,,,,,,,,,,,908290,908204,,,,,,347360,347320,,,,,"7,87573696145125",,,,,,,,,,,,,,,,,,
454,213163457,,,,,,,,,,,910418,910248,,,,,,348200,348160,,,,,"7,89478458049887",,,,,,,,,,,,,,,,,,
455,213631393,,,,,,,,,,,912300,912208,,,,,,348960,348920,,,,,"7,91201814058957",,,,,,,,,,,,,,,,,,
456,214095428,,,,,,,,,,,914364,914258,,,,,,349720,349680,,,,,"7,92925170068027",,,,,,,,,,,,,,,,,,
457,214513478,,,,,,,,,,,916292,916186,,,,,,350400,350360,,,,,"7,94467120181406",,,,,,,,,,,,,,,,,,
458,214953214,,,,,,,,,,,918342,918240,,,,,,351120,351080,,,,,"7,9609977324263",,,,,,,,,,,,,,,,,,
459,215394878,,,,,,,,,,,920302,920202,,,,,,351840,351800,,,,,"7,97732426303855",,,,,,,,,,,,,,,,,,
460,215859685,,,,,,,,,,,922330,922232,,,,,,352600,352560,,,,,"7,99455782312925",,,,,,,,,,,,,,,,,,
461,216323335,,,,,,,,,,,924412,924238,,,,,,353360,353320,,,,,"8,01179138321995",,,,,,,,,,,,,,,,,,
462,216789514,,,,,,,,,,,926376,926282,,,,,,354120,354080,,,,,"8,02902494331066",,,,,,,,,,,,,,,,,,
463,217256378,,,,,,,,,,,928308,928212,,,,,,354880,354840,,,,,"8,04625850340136",,,,,,,,,,,,,,,,,,
464,217721485,,,,,,,,,,,930322,930228,,,,,,355640,355600,,,,,"8,06349206349206",,,,,,,,,,,,,,,,,,
465,218211235,,,,,,,,,,,932334,932242,,,,,,356440,356400,,,,,"8,08163265306122",,,,,,,,,,,,,,,,,,
466,218676771,,,,,,,,,,,934328,934160,,,,,,357200,357160,,,,,"8,09886621315193",,,,,,,,,,,,,,,,,,
467,219165578,,,,,,,,,,,936384,936288,,,,,,358000,357960,,,,,"8,11700680272109",,,,,,,,,,,,,,,,,,
468,219631414,,,,,,,,,,,938364,938266,,,,,,358760,358720,,,,,"8,13424036281179",,,,,,,,,,,,,,,,,,
469,220095793,,,,,,,,,,,940412,940316,,,,,,359520,359480,,,,,"8,1514739229025",,,,,,,,,,,,,,,,,,
470,220562443,,,,,,,,,,,942354,942258,,,,,,360280,360240,,,,,"8,1687074829932",,,,,,,,,,,,,,,,,,
471,221050050,,,,,,,,,,,944452,944282,,,,,,361080,361040,,,,,"8,18684807256236",,,,,,,,,,,,,,,,,,
472,221517814,,,,,,,,,,,946342,946248,,,,,,361840,361800,,,,,"8,20408163265306",,,,,,,,,,,,,,,,,,
473,222029893,,,,,,,,,,,948460,948296,,,,,,362680,362640,,,,,"8,22312925170068",,,,,,,,,,,,,,,,,,
474,222521014,,,,,,,,,,,950394,950302,,,,,,363480,363440,,,,,"8,24126984126984",,,,,,,,,,,,,,,,,,
475,223009093,,,,,,,,,,,952484,952312,,,,,,364280,364240,,,,,"8,259410430839",,,,,,,,,,,,,,,,,,
476,223427528,,,,,,,,,,,954394,954286,,,,,,364960,364920,,,,,"8,27482993197279",,,,,,,,,,,,,,,,,,
477,223843435,,,,,,,,,,,956422,956312,,,,,,365640,365600,,,,,"8,29024943310658",,,,,,,,,,,,,,,,,,
478,224259171,,,,,,,,,,,958444,958338,,,,,,366320,366280,,,,,"8,30566893424036",,,,,,,,,,,,,,,,,,
479,224675721,,,,,,,,,,,960442,960334,,,,,,367000,366960,,,,,"8,32108843537415",,,,,,,,,,,,,,,,,,
480,225092571,,,,,,,,,,,962426,962318,,,,,,367680,367640,,,,,"8,33650793650794",,,,,,,,,,,,,,,,,,
481,225532907,,,,,,,,,,,964448,964346,,,,,,368400,368360,,,,,"8,35283446712018",,,,,,,,,,,,,,,,,,
482,225972557,,,,,,,,,,,966516,966336,,,,,,369120,369080,,,,,"8,36916099773243",,,,,,,,,,,,,,,,,,
483,226413835,,,,,,,,,,,968494,968392,,,,,,369840,369800,,,,,"8,38548752834467",,,,,,,,,,,,,,,,,,
484,226855500,,,,,,,,,,,970454,970354,,,,,,370560,370520,,,,,"8,40181405895692",,,,,,,,,,,,,,,,,,
485,227320178,,,,,,,,,,,972488,972390,,,,,,371320,371280,,,,,"8,41904761904762",,,,,,,,,,,,,,,,,,
486,227761071,,,,,,,,,,,974498,974398,,,,,,372040,372000,,,,,"8,43537414965986",,,,,,,,,,,,,,,,,,
487,228203421,,,,,,,,,,,976426,976328,,,,,,372760,372720,,,,,"8,45170068027211",,,,,,,,,,,,,,,,,,
488,228668400,,,,,,,,,,,978446,978348,,,,,,373520,373480,,,,,"8,46893424036281",,,,,,,,,,,,,,,,,,
489,229109935,,,,,,,,,,,980426,980254,,,,,,374240,374200,,,,,"8,48526077097506",,,,,,,,,,,,,,,,,,
490,229597971,,,,,,,,,,,982504,982408,,,,,,375040,375000,,,,,"8,50340136054422",,,,,,,,,,,,,,,,,,
491,230063635,,,,,,,,,,,984492,984396,,,,,,375800,375760,,,,,"8,52063492063492",,,,,,,,,,,,,,,,,,
492,230505557,,,,,,,,,,,986454,986280,,,,,,376520,376480,,,,,"8,53696145124717",,,,,,,,,,,,,,,,,,
493,230994021,,,,,,,,,,,988512,988418,,,,,,377320,377280,,,,,"8,55510204081633",,,,,,,,,,,,,,,,,,
494,231481971,,,,,,,,,,,990608,990438,,,,,,378120,378080,,,,,"8,57324263038549",,,,,,,,,,,,,,,,,,
495,231949693,,,,,,,,,,,992500,992408,,,,,,378880,378840,,,,,"8,59047619047619",,,,,,,,,,,,,,,,,,
496,232440043,,,,,,,,,,,994484,994390,,,,,,379680,379640,,,,,"8,60861678004535",,,,,,,,,,,,,,,,,,
497,232879650,,,,,,,,,,,996540,996432,,,,,,380400,380360,,,,,"8,6249433106576",,,,,,,,,,,,,,,,,,
498,233297485,,,,,,,,,,,998478,998374,,,,,,381080,381040,,,,,"8,64036281179138",,,,,,,,,,,,,,,,,,
499,233737607,,,,,,,,,,,1000510,1000406,,,,,,381800,381760,,,,,"8,65668934240363",,,,,,,,,,,,,,,,,,
500,234178543,,,,,,,,,,,1002518,1002414,,,,,,382520,382480,,,,,"8,67301587301587",,,,,,,,,,,,,,,,,,
501,234619650,,,,,,,,,,,1004504,1004402,,,,,,383240,383200,,,,,"8,68934240362812",,,,,,,,,,,,,,,,,,
502,235059557,,,,,,,,,,,1006546,1006444,,,,,,383960,383920,,,,,"8,70566893424036",,,,,,,,,,,,,,,,,,
503,235524150,,,,,,,,,,,1008584,1008486,,,,,,384720,384680,,,,,"8,72290249433107",,,,,,,,,,,,,,,,,,
504,235966800,,,,,,,,,,,1010512,1010414,,,,,,385440,385400,,,,,"8,73922902494331",,,,,,,,,,,,,,,,,,
505,236430535,,,,,,,,,,,1012590,1012490,,,,,,386200,386160,,,,,"8,75646258503401",,,,,,,,,,,,,,,,,,
506,236896585,,,,,,,,,,,1014560,1014464,,,,,,386960,386920,,,,,"8,77369614512472",,,,,,,,,,,,,,,,,,
507,237362635,,,,,,,,,,,1016530,1016434,,,,,,387720,387680,,,,,"8,79092970521542",,,,,,,,,,,,,,,,,,
508,237827014,,,,,,,,,,,1018578,1018480,,,,,,388480,388440,,,,,"8,80816326530612",,,,,,,,,,,,,,,,,,
509,238292121,,,,,,,,,,,1020592,1020494,,,,,,389240,389200,,,,,"8,82539682539683",,,,,,,,,,,,,,,,,,
510,238757828,,,,,,,,,,,1022578,1022482,,,,,,390000,389960,,,,,"8,84263038548753",,,,,,,,,,,,,,,,,,
511,239199493,,,,,,,,,,,1024538,1024442,,,,,,390720,390680,,,,,"8,85895691609977",,,,,,,,,,,,,,,,,,
512,239688771,,,,,,,,,,,1026572,1026478,,,,,,391520,391480,,,,,"8,87709750566893",,,,,,,,,,,,,,,,,,
513,240154178,,,,,,,,,,,1028572,1028402,,,,,,392280,392240,,,,,"8,89433106575964",,,,,,,,,,,,,,,,,,
514,240644271,,,,,,,,,,,1030568,1030478,,,,,,393080,393040,,,,,"8,9124716553288",,,,,,,,,,,,,,,,,,
515,241132907,,,,,,,,,,,1032618,1032452,,,,,,393880,393840,,,,,"8,93061224489796",,,,,,,,,,,,,,,,,,
516,241623385,,,,,,,,,,,1034596,1034506,,,,,,394680,394640,,,,,"8,94875283446712",,,,,,,,,,,,,,,,,,
517,242111335,,,,,,,,,,,1036692,1036514,,,,,,395480,395440,,,,,"8,96689342403628",,,,,,,,,,,,,,,,,,
518,242528271,,,,,,,,,,,1038658,1038550,,,,,,396160,396120,,,,,"8,98231292517007",,,,,,,,,,,,,,,,,,
519,242946064,,,,,,,,,,,1040598,1040496,,,,,,396840,396800,,,,,"8,99773242630386",,,,,,,,,,,,,,,,,,
520,243387085,,,,,,,,,,,1042588,1042486,,,,,,397560,397520,,,,,"9,0140589569161",,,,,,,,,,,,,,,,,,
521,243850993,,,,,,,,,,,1044658,1044558,,,,,,398320,398280,,,,,"9,0312925170068",,,,,,,,,,,,,,,,,,
522,244292057,,,,,,,,,,,1046660,1046486,,,,,,399040,399000,,,,,"9,04761904761905",,,,,,,,,,,,,,,,,,
523,244757593,,,,,,,,,,,1048654,1048558,,,,,,399800,399760,,,,,"9,06485260770975",,,,,,,,,,,,,,,,,,
524,245223771,,,,,,,,,,,1050618,1050524,,,,,,400560,400520,,,,,"9,08208616780045",,,,,,,,,,,,,,,,,,
525,245688793,,,,,,,,,,,1052636,1052542,,,,,,401320,401280,,,,,"9,09931972789116",,,,,,,,,,,,,,,,,,
526,246178071,,,,,,,,,,,1054670,1054576,,,,,,402120,402080,,,,,"9,11746031746032",,,,,,,,,,,,,,,,,,
527,246643307,,,,,,,,,,,1056678,1056508,,,,,,402880,402840,,,,,"9,13469387755102",,,,,,,,,,,,,,,,,,
528,247109400,,,,,,,,,,,1058646,1058550,,,,,,403640,403600,,,,,"9,15192743764172",,,,,,,,,,,,,,,,,,
529,247574421,,,,,,,,,,,1060664,1060566,,,,,,404400,404360,,,,,"9,16916099773243",,,,,,,,,,,,,,,,,,
530,248038200,,,,,,,,,,,1062740,1062568,,,,,,405160,405120,,,,,"9,18639455782313",,,,,,,,,,,,,,,,,,
531,248481064,,,,,,,,,,,1064644,1064548,,,,,,405880,405840,,,,,"9,20272108843538",,,,,,,,,,,,,,,,,,
532,248969657,,,,,,,,,,,1066710,1066616,,,,,,406680,406640,,,,,"9,22086167800454",,,,,,,,,,,,,,,,,,
533,249434721,,,,,,,,,,,1068726,1068632,,,,,,407440,407400,,,,,"9,23809523809524",,,,,,,,,,,,,,,,,,
534,249924471,,,,,,,,,,,1070724,1070632,,,,,,408240,408200,,,,,"9,2562358276644",,,,,,,,,,,,,,,,,,
535,250390735,,,,,,,,,,,1072684,1072514,,,,,,409000,408960,,,,,"9,2734693877551",,,,,,,,,,,,,,,,,,
536,250904014,,,,,,,,,,,1074746,1074656,,,,,,409840,409800,,,,,"9,29251700680272",,,,,,,,,,,,,,,,,,
537,251370235,,,,,,,,,,,1076708,1076538,,,,,,410600,410560,,,,,"9,30975056689342",,,,,,,,,,,,,,,,,,
538,251810528,,,,,,,,,,,1078732,1078626,,,,,,411320,411280,,,,,"9,32607709750567",,,,,,,,,,,,,,,,,,
539,252250907,,,,,,,,,,,1080752,1080650,,,,,,412040,412000,,,,,"9,34240362811791",,,,,,,,,,,,,,,,,,
540,252692057,,,,,,,,,,,1082750,1082646,,,,,,412760,412720,,,,,"9,35873015873016",,,,,,,,,,,,,,,,,,
541,253133250,,,,,,,,,,,1084732,1084630,,,,,,413480,413440,,,,,"9,3750566893424",,,,,,,,,,,,,,,,,,
542,253573714,,,,,,,,,,,1086762,1086660,,,,,,414200,414160,,,,,"9,39138321995465",,,,,,,,,,,,,,,,,,
543,254015678,,,,,,,,,,,1088708,1088608,,,,,,414920,414880,,,,,"9,40770975056689",,,,,,,,,,,,,,,,,,
544,254480614,,,,,,,,,,,1090730,1090632,,,,,,415680,415640,,,,,"9,4249433106576",,,,,,,,,,,,,,,,,,
545,254921935,,,,,,,,,,,1092706,1092534,,,,,,416400,416360,,,,,"9,44126984126984",,,,,,,,,,,,,,,,,,
546,255410485,,,,,,,,,,,1094774,1094680,,,,,,417200,417160,,,,,"9,459410430839",,,,,,,,,,,,,,,,,,
547,255876878,,,,,,,,,,,1096728,1096634,,,,,,417960,417920,,,,,"9,47664399092971",,,,,,,,,,,,,,,,,,
548,256341814,,,,,,,,,,,1098750,1098656,,,,,,418720,418680,,,,,"9,49387755102041",,,,,,,,,,,,,,,,,,
549,256807564,,,,,,,,,,,1100734,1100634,,,,,,419480,419440,,,,,"9,51111111111111",,,,,,,,,,,,,,,,,,
550,257273057,,,,,,,,,,,1102730,1102634,,,,,,420240,420200,,,,,"9,52834467120182",,,,,,,,,,,,,,,,,,
551,257737178,,,,,,,,,,,1104790,1104694,,,,,,421000,420960,,,,,"9,54557823129252",,,,,,,,,,,,,,,,,,
552,258226243,,,,,,,,,,,1106834,1106736,,,,,,421800,421760,,,,,"9,56371882086168",,,,,,,,,,,,,,,,,,
553,258668850,,,,,,,,,,,1108750,1108582,,,,,,422520,422480,,,,,"9,58004535147392",,,,,,,,,,,,,,,,,,
554,259181828,,,,,,,,,,,1110826,1110736,,,,,,423360,423320,,,,,"9,59909297052154",,,,,,,,,,,,,,,,,,
555,259648478,,,,,,,,,,,1112768,1112602,,,,,,424120,424080,,,,,"9,61632653061225",,,,,,,,,,,,,,,,,,
556,260161885,,,,,,,,,,,1114810,1114720,,,,,,424960,424920,,,,,"9,63537414965986",,,,,,,,,,,,,,,,,,
557,260651421,,,,,,,,,,,1116818,1116728,,,,,,425760,425720,,,,,"9,65351473922902",,,,,,,,,,,,,,,,,,
558,261092871,,,,,,,,,,,1118802,1118698,,,,,,426480,426440,,,,,"9,66984126984127",,,,,,,,,,,,,,,,,,
559,261509293,,,,,,,,,,,1120806,1120692,,,,,,427160,427120,,,,,"9,68526077097506",,,,,,,,,,,,,,,,,,
560,261924428,,,,,,,,,,,1122856,1122744,,,,,,427840,427800,,,,,"9,70068027210884",,,,,,,,,,,,,,,,,,
561,262340721,,,,,,,,,,,1124866,1124758,,,,,,428520,428480,,,,,"9,71609977324263",,,,,,,,,,,,,,,,,,
562,262757700,,,,,,,,,,,1126844,1126740,,,,,,429200,429160,,,,,"9,73151927437642",,,,,,,,,,,,,,,,,,
563,263196193,,,,,,,,,,,1128952,1128776,,,,,,429920,429880,,,,,"9,74784580498866",,,,,,,,,,,,,,,,,,
564,263614628,,,,,,,,,,,1130862,1130758,,,,,,430600,430560,,,,,"9,76326530612245",,,,,,,,,,,,,,,,,,
565,264055650,,,,,,,,,,,1132852,1132750,,,,,,431320,431280,,,,,"9,77959183673469",,,,,,,,,,,,,,,,,,
566,264519900,,,,,,,,,,,1134906,1134808,,,,,,432080,432040,,,,,"9,7968253968254",,,,,,,,,,,,,,,,,,
567,264960707,,,,,,,,,,,1136920,1136746,,,,,,432800,432760,,,,,"9,81315192743764",,,,,,,,,,,,,,,,,,
568,265403485,,,,,,,,,,,1138828,1138732,,,,,,433520,433480,,,,,"9,82947845804989",,,,,,,,,,,,,,,,,,
569,265868593,,,,,,,,,,,1140842,1140744,,,,,,434280,434240,,,,,"9,84671201814059",,,,,,,,,,,,,,,,,,
570,266333614,,,,,,,,,,,1142860,1142762,,,,,,435040,435000,,,,,"9,86394557823129",,,,,,,,,,,,,,,,,,
571,266775021,,,,,,,,,,,1144846,1144748,,,,,,435760,435720,,,,,"9,88027210884354",,,,,,,,,,,,,,,,,,
572,267240471,,,,,,,,,,,1146844,1146746,,,,,,436520,436480,,,,,"9,89750566893424",,,,,,,,,,,,,,,,,,
573,267726578,,,,,,,,,,,1149012,1148838,,,,,,437320,437280,,,,,"9,9156462585034",,,,,,,,,,,,,,,,,,
574,268170428,,,,,,,,,,,1150884,1150792,,,,,,438040,438000,,,,,"9,93197278911565",,,,,,,,,,,,,,,,,,
575,268659407,,,,,,,,,,,1152918,1152824,,,,,,438840,438800,,,,,"9,95011337868481",,,,,,,,,,,,,,,,,,
576,269124985,,,,,,,,,,,1154910,1154818,,,,,,439600,439560,,,,,"9,96734693877551",,,,,,,,,,,,,,,,,,
577,269615250,,,,,,,,,,,1156898,1156806,,,,,,440400,440360,,,,,"9,98548752834467",,,,,,,,,,,,,,,,,,
577,269616085,,,,,,,,,,,1158678,1158508,,,,,,440960,,,,,,0,,,,,,,,,,,,,,,,,,
577,,,,,,,,,,,,1158882,0,,,,,,441000,,,,,,0,,,,,,,,,,,,,,,,,,
,,,,,,,,,,,,,,,,,,,,,,,,,0,,,,,,,,,,,,,,,,,,
,,,,,,,,,,,,,,,,,,,,,,,,,0,,,,,,,,,,,,,,,,,,
,,,,,,,,,,,,,,,,,,,,,,,,,0,,,,,,,,,,,,,,,,,,
,,,,,,,,,,,,,,,,,,,,,,,,,0,,,,,,,,,,,,,,,,,,
,,,,,,,,,,,,,,,,,,,,,,,,,0,,,,,,,,,,,,,,,,,,
,,,,,,,,,,,,,,,,,,,,,,,,,0,,,,,,,,,,,,,,,,,,
,,,,,,,,,,,,,,,,,,,,,,,,,0,,,,,,,,,,,,,,,,,,
,,,,,,,,,,,,,,,,,,,,,,,,,0,,,,,,,,,,,,,,,,,,
