PKT_POS_PTS ; NB_SAMPLES_PTS ; PKT_POS_SCR; NB_SAMPLES_SCR; RANK 
0 ; 0 ; 0 ; 0 ; 0 
2010 ; 1280 ; 1958 ; 1240 ; 1 
4004 ; 2560 ; 3950 ; 2520 ; 2 
6006 ; 3840 ; 5956 ; 3800 ; 3 
8002 ; 5120 ; 7946 ; 5080 ; 4 
10034 ; 6440 ; 9980 ; 6400 ; 5 
12048 ; 7720 ; 11994 ; 7680 ; 6 
14058 ; 9000 ; 14002 ; 8960 ; 7 
16036 ; 10280 ; 15982 ; 10240 ; 8 
18034 ; 11560 ; 17982 ; 11520 ; 9 
20032 ; 12840 ; 19978 ; 12800 ; 10 
22064 ; 14160 ; 22010 ; 14120 ; 11 
24070 ; 15440 ; 24012 ; 15400 ; 12 
26076 ; 16720 ; 26022 ; 16680 ; 13 
28078 ; 18000 ; 28022 ; 17960 ; 14 
30080 ; 19280 ; 30024 ; 19240 ; 15 
32094 ; 20560 ; 32038 ; 20520 ; 16 
34104 ; 21840 ; 34050 ; 21800 ; 17 
36112 ; 23120 ; 36060 ; 23080 ; 18 
38078 ; 24360 ; 38022 ; 24320 ; 19 
40088 ; 25520 ; 40014 ; 25480 ; 20 
42198 ; 26400 ; 42084 ; 26360 ; 21 
44200 ; 27080 ; 44022 ; 27040 ; 22 
46104 ; 27760 ; 45998 ; 27720 ; 23 
48142 ; 28480 ; 48038 ; 28440 ; 24 
50150 ; 29200 ; 50046 ; 29160 ; 25 
52144 ; 29920 ; 52042 ; 29880 ; 26 
54216 ; 30640 ; 54040 ; 30600 ; 27 
56146 ; 31320 ; 56042 ; 31280 ; 28 
58150 ; 32040 ; 58048 ; 32000 ; 29 
60156 ; 32760 ; 60054 ; 32720 ; 30 
62170 ; 33480 ; 62068 ; 33440 ; 31 
64162 ; 34160 ; 63980 ; 34120 ; 32 
66198 ; 34880 ; 66092 ; 34840 ; 33 
68238 ; 35600 ; 68132 ; 35560 ; 34 
70172 ; 36280 ; 70066 ; 36240 ; 35 
72208 ; 37000 ; 72102 ; 36960 ; 36 
74298 ; 37720 ; 74122 ; 37680 ; 37 
76220 ; 38400 ; 76116 ; 38360 ; 38 
78244 ; 39120 ; 78142 ; 39080 ; 39 
80262 ; 39840 ; 80158 ; 39800 ; 40 
82282 ; 40560 ; 82180 ; 40520 ; 41 
84264 ; 41240 ; 84084 ; 41200 ; 42 
86214 ; 41920 ; 86106 ; 41880 ; 43 
88298 ; 42640 ; 88192 ; 42600 ; 44 
90262 ; 43320 ; 90156 ; 43280 ; 45 
92212 ; 44000 ; 92106 ; 43960 ; 46 
94242 ; 44720 ; 94138 ; 44680 ; 47 
96346 ; 45440 ; 96166 ; 45400 ; 48 
98254 ; 46120 ; 98150 ; 46080 ; 49 
100274 ; 46840 ; 100172 ; 46800 ; 50 
102282 ; 47560 ; 102180 ; 47520 ; 51 
104278 ; 48280 ; 104174 ; 48240 ; 52 
106258 ; 48960 ; 106076 ; 48920 ; 53 
108252 ; 49680 ; 108150 ; 49640 ; 54 
110336 ; 50440 ; 110234 ; 50400 ; 55 
112338 ; 51160 ; 112234 ; 51120 ; 56 
114400 ; 51880 ; 114220 ; 51840 ; 57 
116286 ; 52560 ; 116180 ; 52520 ; 58 
118280 ; 53280 ; 118176 ; 53240 ; 59 
120348 ; 54040 ; 120248 ; 54000 ; 60 
122384 ; 54760 ; 122212 ; 54720 ; 61 
124354 ; 55480 ; 124254 ; 55440 ; 62 
126336 ; 56200 ; 126232 ; 56160 ; 63 
128320 ; 56920 ; 128216 ; 56880 ; 64 
130460 ; 57640 ; 130278 ; 57600 ; 65 
132374 ; 58280 ; 132190 ; 58240 ; 66 
134384 ; 58960 ; 134200 ; 58920 ; 67 
136384 ; 59640 ; 136276 ; 59600 ; 68 
138376 ; 60320 ; 138272 ; 60280 ; 69 
140334 ; 61000 ; 140230 ; 60960 ; 70 
142364 ; 61720 ; 142260 ; 61680 ; 71 
144402 ; 62440 ; 144296 ; 62400 ; 72 
146384 ; 63120 ; 146208 ; 63080 ; 73 
148376 ; 63840 ; 148274 ; 63800 ; 74 
150434 ; 64600 ; 150334 ; 64560 ; 75 
152402 ; 65320 ; 152298 ; 65280 ; 76 
154460 ; 66040 ; 154358 ; 66000 ; 77 
156428 ; 66760 ; 156328 ; 66720 ; 78 
158474 ; 67520 ; 158374 ; 67480 ; 79 
160414 ; 68240 ; 160314 ; 68200 ; 80 
162392 ; 68960 ; 162294 ; 68920 ; 81 
164486 ; 69760 ; 164388 ; 69720 ; 82 
166540 ; 70520 ; 166370 ; 70480 ; 83 
168492 ; 71280 ; 168396 ; 71240 ; 84 
170460 ; 72040 ; 170364 ; 72000 ; 85 
172554 ; 72760 ; 172374 ; 72720 ; 86 
174416 ; 73400 ; 174234 ; 73360 ; 87 
176472 ; 74120 ; 176364 ; 74080 ; 88 
178500 ; 74840 ; 178396 ; 74800 ; 89 
180510 ; 75560 ; 180408 ; 75520 ; 90 
182508 ; 76280 ; 182406 ; 76240 ; 91 
184446 ; 76960 ; 184270 ; 76920 ; 92 
186486 ; 77720 ; 186388 ; 77680 ; 93 
188504 ; 78480 ; 188408 ; 78440 ; 94 
190484 ; 79200 ; 190310 ; 79160 ; 95 
192470 ; 79960 ; 192376 ; 79920 ; 96 
194560 ; 80760 ; 194462 ; 80720 ; 97 
196558 ; 81480 ; 196380 ; 81440 ; 98 
198494 ; 82200 ; 198396 ; 82160 ; 99 
200498 ; 82960 ; 200400 ; 82920 ; 100 
202536 ; 83720 ; 202362 ; 83680 ; 101 
204502 ; 84520 ; 204412 ; 84480 ; 102 
206558 ; 85320 ; 206388 ; 85280 ; 103 
208560 ; 86120 ; 208468 ; 86080 ; 104 
210642 ; 86920 ; 210474 ; 86880 ; 105 
212580 ; 87680 ; 212484 ; 87640 ; 106 
214556 ; 88360 ; 214450 ; 88320 ; 107 
216520 ; 89040 ; 216414 ; 89000 ; 108 
218588 ; 89760 ; 218482 ; 89720 ; 109 
220702 ; 90480 ; 220526 ; 90440 ; 110 
222600 ; 91160 ; 222498 ; 91120 ; 111 
224570 ; 91880 ; 224470 ; 91840 ; 112 
226618 ; 92640 ; 226520 ; 92600 ; 113 
228606 ; 93360 ; 228432 ; 93320 ; 114 
230602 ; 94120 ; 230504 ; 94080 ; 115 
232570 ; 94880 ; 232476 ; 94840 ; 116 
234608 ; 95640 ; 234436 ; 95600 ; 117 
236604 ; 96400 ; 236506 ; 96360 ; 118 
238618 ; 97160 ; 238522 ; 97120 ; 119 
240600 ; 97880 ; 240426 ; 97840 ; 120 
242676 ; 98680 ; 242578 ; 98640 ; 121 
244620 ; 99440 ; 244526 ; 99400 ; 122 
246604 ; 100200 ; 246514 ; 100160 ; 123 
248686 ; 101040 ; 248596 ; 101000 ; 124 
250658 ; 101800 ; 250566 ; 101760 ; 125 
252668 ; 102600 ; 252576 ; 102560 ; 126 
254752 ; 103360 ; 254572 ; 103320 ; 127 
256722 ; 104040 ; 256618 ; 104000 ; 128 
258664 ; 104720 ; 258562 ; 104680 ; 129 
260656 ; 105440 ; 260554 ; 105400 ; 130 
262718 ; 106200 ; 262618 ; 106160 ; 131 
264640 ; 106880 ; 264470 ; 106840 ; 132 
266664 ; 107640 ; 266566 ; 107600 ; 133 
268650 ; 108400 ; 268556 ; 108360 ; 134 
270684 ; 109160 ; 270590 ; 109120 ; 135 
272738 ; 109960 ; 272644 ; 109920 ; 136 
274668 ; 110720 ; 274574 ; 110680 ; 137 
276690 ; 111480 ; 276594 ; 111440 ; 138 
278684 ; 112240 ; 278586 ; 112200 ; 139 
280760 ; 113000 ; 280588 ; 112960 ; 140 
282736 ; 113760 ; 282640 ; 113720 ; 141 
284704 ; 114520 ; 284610 ; 114480 ; 142 
286714 ; 115280 ; 286618 ; 115240 ; 143 
288722 ; 116080 ; 288628 ; 116040 ; 144 
290768 ; 116880 ; 290678 ; 116840 ; 145 
292754 ; 117680 ; 292664 ; 117640 ; 146 
294766 ; 118440 ; 294664 ; 118400 ; 147 
296806 ; 119120 ; 296618 ; 119080 ; 148 
298828 ; 119800 ; 298716 ; 119760 ; 149 
300764 ; 120440 ; 300648 ; 120400 ; 150 
302756 ; 121120 ; 302652 ; 121080 ; 151 
304794 ; 121840 ; 304688 ; 121800 ; 152 
306818 ; 122560 ; 306714 ; 122520 ; 153 
308876 ; 123280 ; 308700 ; 123240 ; 154 
310838 ; 124000 ; 310734 ; 123960 ; 155 
312788 ; 124720 ; 312686 ; 124680 ; 156 
314818 ; 125480 ; 314724 ; 125440 ; 157 
316818 ; 126200 ; 316644 ; 126160 ; 158 
318868 ; 126960 ; 318770 ; 126920 ; 159 
320800 ; 127680 ; 320702 ; 127640 ; 160 
322870 ; 128440 ; 322700 ; 128400 ; 161 
324856 ; 129200 ; 324760 ; 129160 ; 162 
326818 ; 129960 ; 326724 ; 129920 ; 163 
328824 ; 130720 ; 328730 ; 130680 ; 164 
330858 ; 131520 ; 330766 ; 131480 ; 165 
332870 ; 132280 ; 332702 ; 132240 ; 166 
334818 ; 133040 ; 334724 ; 133000 ; 167 
336860 ; 133800 ; 336754 ; 133760 ; 168 
338908 ; 134520 ; 338800 ; 134480 ; 169 
340922 ; 135200 ; 340742 ; 135160 ; 170 
342858 ; 135880 ; 342754 ; 135840 ; 171 
344848 ; 136600 ; 344746 ; 136560 ; 172 
346918 ; 137360 ; 346818 ; 137320 ; 173 
348942 ; 138080 ; 348766 ; 138040 ; 174 
350872 ; 138800 ; 350774 ; 138760 ; 175 
352884 ; 139560 ; 352788 ; 139520 ; 176 
354868 ; 140320 ; 354772 ; 140280 ; 177 
356912 ; 141080 ; 356820 ; 141040 ; 178 
358956 ; 141880 ; 358862 ; 141840 ; 179 
360888 ; 142600 ; 360714 ; 142560 ; 180 
362982 ; 143400 ; 362884 ; 143360 ; 181 
364972 ; 144160 ; 364874 ; 144120 ; 182 
366916 ; 144880 ; 366820 ; 144840 ; 183 
368924 ; 145680 ; 368832 ; 145640 ; 184 
370990 ; 146480 ; 370896 ; 146440 ; 185 
372962 ; 147280 ; 372870 ; 147240 ; 186 
375010 ; 148080 ; 374844 ; 148040 ; 187 
376946 ; 148840 ; 376846 ; 148800 ; 188 
378932 ; 149520 ; 378824 ; 149480 ; 189 
380976 ; 150240 ; 380874 ; 150200 ; 190 
383044 ; 150960 ; 382868 ; 150920 ; 191 
385006 ; 151680 ; 384908 ; 151640 ; 192 
387030 ; 152440 ; 386932 ; 152400 ; 193 
389096 ; 153200 ; 388926 ; 153160 ; 194 
390962 ; 153920 ; 390868 ; 153880 ; 195 
392992 ; 154720 ; 392900 ; 154680 ; 196 
394984 ; 155480 ; 394816 ; 155440 ; 197 
396988 ; 156280 ; 396896 ; 156240 ; 198 
399088 ; 157080 ; 398924 ; 157040 ; 199 
400980 ; 157800 ; 400880 ; 157760 ; 200 
402986 ; 158560 ; 402886 ; 158520 ; 201 
405048 ; 159320 ; 404878 ; 159280 ; 202 
407016 ; 160080 ; 406922 ; 160040 ; 203 
409042 ; 160880 ; 408948 ; 160840 ; 204 
411020 ; 161640 ; 410928 ; 161600 ; 205 
413098 ; 162480 ; 413004 ; 162440 ; 206 
415054 ; 163240 ; 414964 ; 163200 ; 207 
417042 ; 164040 ; 416950 ; 164000 ; 208 
419170 ; 164800 ; 418994 ; 164760 ; 209 
421126 ; 165480 ; 421020 ; 165440 ; 210 
423054 ; 166160 ; 422948 ; 166120 ; 211 
425052 ; 166880 ; 424950 ; 166840 ; 212 
427122 ; 167640 ; 427020 ; 167600 ; 213 
429064 ; 168320 ; 428888 ; 168280 ; 214 
431092 ; 169080 ; 430996 ; 169040 ; 215 
433102 ; 169840 ; 433006 ; 169800 ; 216 
435152 ; 170600 ; 434980 ; 170560 ; 217 
437122 ; 171360 ; 437030 ; 171320 ; 218 
439156 ; 172160 ; 439062 ; 172120 ; 219 
441092 ; 172880 ; 440994 ; 172840 ; 220 
443178 ; 173680 ; 443080 ; 173640 ; 221 
445246 ; 174440 ; 445072 ; 174400 ; 222 
447128 ; 175160 ; 447036 ; 175120 ; 223 
449100 ; 175920 ; 449004 ; 175880 ; 224 
451204 ; 176720 ; 451038 ; 176680 ; 225 
453110 ; 177480 ; 453018 ; 177440 ; 226 
455234 ; 178320 ; 455068 ; 178280 ; 227 
457176 ; 179120 ; 457084 ; 179080 ; 228 
459158 ; 179880 ; 459052 ; 179840 ; 229 
461156 ; 180560 ; 460970 ; 180520 ; 230 
463182 ; 181240 ; 463068 ; 181200 ; 231 
465216 ; 181920 ; 465108 ; 181880 ; 232 
467204 ; 182600 ; 467098 ; 182560 ; 233 
469164 ; 183280 ; 469056 ; 183240 ; 234 
471192 ; 184000 ; 471090 ; 183960 ; 235 
473168 ; 184720 ; 473066 ; 184680 ; 236 
475200 ; 185440 ; 475100 ; 185400 ; 237 
477230 ; 186200 ; 477132 ; 186160 ; 238 
479240 ; 186960 ; 479144 ; 186920 ; 239 
481220 ; 187680 ; 481122 ; 187640 ; 240 
483218 ; 188440 ; 483120 ; 188400 ; 241 
485212 ; 189200 ; 485114 ; 189160 ; 242 
487286 ; 189960 ; 487190 ; 189920 ; 243 
489270 ; 190720 ; 489174 ; 190680 ; 244 
491240 ; 191480 ; 491144 ; 191440 ; 245 
493258 ; 192240 ; 493162 ; 192200 ; 246 
495270 ; 193040 ; 495178 ; 193000 ; 247 
497246 ; 193800 ; 497152 ; 193760 ; 248 
499304 ; 194640 ; 499214 ; 194600 ; 249 
501284 ; 195360 ; 501104 ; 195320 ; 250 
503262 ; 196040 ; 503152 ; 196000 ; 251 
505316 ; 196760 ; 505210 ; 196720 ; 252 
507248 ; 197440 ; 507142 ; 197400 ; 253 
509254 ; 198160 ; 509152 ; 198120 ; 254 
511420 ; 198920 ; 511244 ; 198880 ; 255 
513300 ; 199600 ; 513198 ; 199560 ; 256 
515348 ; 200360 ; 515248 ; 200320 ; 257 
517280 ; 201080 ; 517182 ; 201040 ; 258 
519368 ; 201840 ; 519270 ; 201800 ; 259 
521358 ; 202600 ; 521262 ; 202560 ; 260 
523348 ; 203360 ; 523252 ; 203320 ; 261 
525310 ; 204080 ; 525212 ; 204040 ; 262 
527308 ; 204840 ; 527212 ; 204800 ; 263 
529302 ; 205600 ; 529206 ; 205560 ; 264 
531358 ; 206360 ; 531260 ; 206320 ; 265 
533334 ; 207120 ; 533238 ; 207080 ; 266 
535426 ; 207920 ; 535254 ; 207880 ; 267 
537400 ; 208720 ; 537310 ; 208680 ; 268 
539448 ; 209520 ; 539282 ; 209480 ; 269 
541344 ; 210280 ; 541256 ; 210240 ; 270 
543366 ; 211000 ; 543254 ; 210960 ; 271 
545340 ; 211680 ; 545234 ; 211640 ; 272 
547438 ; 212400 ; 547264 ; 212360 ; 273 
549424 ; 213120 ; 549324 ; 213080 ; 274 
551394 ; 213840 ; 551294 ; 213800 ; 275 
553446 ; 214600 ; 553348 ; 214560 ; 276 
555464 ; 215320 ; 555292 ; 215280 ; 277 
557374 ; 216040 ; 557276 ; 216000 ; 278 
559462 ; 216840 ; 559366 ; 216800 ; 279 
561428 ; 217560 ; 561256 ; 217520 ; 280 
563390 ; 218320 ; 563296 ; 218280 ; 281 
565482 ; 219120 ; 565382 ; 219080 ; 282 
567464 ; 219840 ; 567366 ; 219800 ; 283 
569464 ; 220600 ; 569368 ; 220560 ; 284 
571454 ; 221360 ; 571358 ; 221320 ; 285 
573496 ; 222120 ; 573402 ; 222080 ; 286 
575420 ; 222880 ; 575326 ; 222840 ; 287 
577498 ; 223680 ; 577334 ; 223640 ; 288 
579502 ; 224480 ; 579410 ; 224440 ; 289 
581582 ; 225280 ; 581414 ; 225240 ; 290 
583528 ; 226040 ; 583430 ; 226000 ; 291 
585480 ; 226720 ; 585374 ; 226680 ; 292 
587448 ; 227400 ; 587342 ; 227360 ; 293 
589456 ; 228120 ; 589354 ; 228080 ; 294 
591512 ; 228840 ; 591336 ; 228800 ; 295 
593552 ; 229600 ; 593454 ; 229560 ; 296 
595552 ; 230360 ; 595454 ; 230320 ; 297 
597506 ; 231080 ; 597334 ; 231040 ; 298 
599568 ; 231880 ; 599472 ; 231840 ; 299 
601508 ; 232640 ; 601416 ; 232600 ; 300 
603524 ; 233400 ; 603428 ; 233360 ; 301 
605556 ; 234200 ; 605464 ; 234160 ; 302 
607512 ; 234920 ; 607340 ; 234880 ; 303 
609508 ; 235680 ; 609412 ; 235640 ; 304 
611582 ; 236480 ; 611484 ; 236440 ; 305 
613512 ; 237200 ; 613340 ; 237160 ; 306 
615534 ; 238000 ; 615442 ; 237960 ; 307 
617592 ; 238800 ; 617430 ; 238760 ; 308 
619572 ; 239600 ; 619482 ; 239560 ; 309 
621642 ; 240400 ; 621474 ; 240360 ; 310 
623576 ; 241160 ; 623466 ; 241120 ; 311 
625554 ; 241840 ; 625442 ; 241800 ; 312 
627580 ; 242520 ; 627472 ; 242480 ; 313 
629592 ; 243200 ; 629484 ; 243160 ; 314 
631566 ; 243880 ; 631458 ; 243840 ; 315 
633682 ; 244600 ; 633502 ; 244560 ; 316 
635600 ; 245280 ; 635498 ; 245240 ; 317 
637592 ; 246000 ; 637488 ; 245960 ; 318 
639670 ; 246760 ; 639568 ; 246720 ; 319 
641696 ; 247480 ; 641522 ; 247440 ; 320 
643636 ; 248200 ; 643538 ; 248160 ; 321 
645664 ; 248960 ; 645562 ; 248920 ; 322 
647768 ; 249720 ; 647592 ; 249680 ; 323 
649610 ; 250400 ; 649436 ; 250360 ; 324 
651630 ; 251160 ; 651532 ; 251120 ; 325 
653624 ; 251920 ; 653526 ; 251880 ; 326 
655680 ; 252680 ; 655584 ; 252640 ; 327 
657626 ; 253440 ; 657534 ; 253400 ; 328 
659710 ; 254240 ; 659544 ; 254200 ; 329 
661704 ; 255040 ; 661614 ; 255000 ; 330 
663764 ; 255840 ; 663598 ; 255800 ; 331 
665670 ; 256600 ; 665574 ; 256560 ; 332 
667694 ; 257320 ; 667592 ; 257280 ; 333 
669718 ; 258040 ; 669616 ; 258000 ; 334 
671794 ; 258760 ; 671614 ; 258720 ; 335 
673702 ; 259440 ; 673598 ; 259400 ; 336 
675690 ; 260160 ; 675588 ; 260120 ; 337 
677748 ; 260920 ; 677648 ; 260880 ; 338 
679752 ; 261640 ; 679578 ; 261600 ; 339 
681752 ; 262400 ; 681656 ; 262360 ; 340 
683728 ; 263160 ; 683632 ; 263120 ; 341 
685772 ; 263920 ; 685676 ; 263880 ; 342 
687704 ; 264680 ; 687608 ; 264640 ; 343 
689764 ; 265480 ; 689666 ; 265440 ; 344 
691752 ; 266200 ; 691652 ; 266160 ; 345 
693754 ; 266960 ; 693658 ; 266920 ; 346 
695750 ; 267720 ; 695652 ; 267680 ; 347 
697788 ; 268480 ; 697694 ; 268440 ; 348 
699802 ; 269280 ; 699710 ; 269240 ; 349 
701758 ; 270040 ; 701668 ; 270000 ; 350 
703736 ; 270840 ; 703646 ; 270800 ; 351 
705784 ; 271640 ; 705690 ; 271600 ; 352 
707784 ; 272400 ; 707672 ; 272360 ; 353 
709764 ; 273080 ; 709660 ; 273040 ; 354 
711768 ; 273800 ; 711666 ; 273760 ; 355 
713836 ; 274520 ; 713662 ; 274480 ; 356 
715788 ; 275240 ; 715690 ; 275200 ; 357 
717808 ; 276000 ; 717712 ; 275960 ; 358 
719878 ; 276760 ; 719704 ; 276720 ; 359 
721848 ; 277520 ; 721752 ; 277480 ; 360 
723788 ; 278280 ; 723696 ; 278240 ; 361 
725822 ; 279040 ; 725724 ; 279000 ; 362 
727850 ; 279840 ; 727756 ; 279800 ; 363 
729810 ; 280600 ; 729712 ; 280560 ; 364 
731894 ; 281360 ; 731796 ; 281320 ; 365 
733880 ; 282120 ; 733786 ; 282080 ; 366 
735902 ; 282880 ; 735730 ; 282840 ; 367 
737842 ; 283640 ; 737748 ; 283600 ; 368 
739840 ; 284440 ; 739746 ; 284400 ; 369 
741902 ; 285240 ; 741810 ; 285200 ; 370 
743864 ; 286040 ; 743772 ; 286000 ; 371 
745906 ; 286840 ; 745816 ; 286800 ; 372 
747952 ; 287640 ; 747844 ; 287600 ; 373 
749900 ; 288320 ; 749794 ; 288280 ; 374 
751916 ; 289000 ; 751740 ; 288960 ; 375 
753958 ; 289720 ; 753852 ; 289680 ; 376 
755868 ; 290400 ; 755764 ; 290360 ; 377 
757952 ; 291160 ; 757850 ; 291120 ; 378 
759976 ; 291880 ; 759806 ; 291840 ; 379 
761894 ; 292600 ; 761796 ; 292560 ; 380 
763906 ; 293360 ; 763810 ; 293320 ; 381 
766062 ; 294160 ; 765888 ; 294120 ; 382 
767918 ; 294880 ; 767824 ; 294840 ; 383 
769978 ; 295680 ; 769884 ; 295640 ; 384 
771930 ; 296400 ; 771758 ; 296360 ; 385 
773938 ; 297160 ; 773840 ; 297120 ; 386 
775922 ; 297920 ; 775826 ; 297880 ; 387 
777962 ; 298680 ; 777864 ; 298640 ; 388 
780006 ; 299480 ; 779914 ; 299440 ; 389 
781978 ; 300240 ; 781812 ; 300200 ; 390 
783966 ; 301040 ; 783876 ; 301000 ; 391 
786072 ; 301880 ; 785910 ; 301840 ; 392 
788028 ; 302680 ; 787930 ; 302640 ; 393 
789972 ; 303360 ; 789868 ; 303320 ; 394 
792004 ; 304040 ; 791896 ; 304000 ; 395 
794036 ; 304720 ; 793924 ; 304680 ; 396 
796114 ; 305400 ; 795934 ; 305360 ; 397 
798070 ; 306080 ; 797968 ; 306040 ; 398 
800026 ; 306760 ; 799920 ; 306720 ; 399 
802034 ; 307480 ; 801932 ; 307440 ; 400 
804000 ; 308200 ; 803902 ; 308160 ; 401 
806110 ; 308960 ; 805936 ; 308920 ; 402 
808016 ; 309680 ; 807920 ; 309640 ; 403 
810018 ; 310440 ; 809920 ; 310400 ; 404 
812084 ; 311200 ; 811910 ; 311160 ; 405 
814096 ; 311960 ; 813998 ; 311920 ; 406 
816082 ; 312720 ; 815986 ; 312680 ; 407 
818032 ; 313440 ; 817864 ; 313400 ; 408 
820070 ; 314240 ; 819978 ; 314200 ; 409 
822176 ; 315040 ; 822004 ; 315000 ; 410 
824106 ; 315800 ; 824012 ; 315760 ; 411 
826104 ; 316600 ; 826012 ; 316560 ; 412 
828084 ; 317360 ; 827992 ; 317320 ; 413 
830076 ; 318160 ; 829978 ; 318120 ; 414 
832162 ; 318880 ; 832054 ; 318840 ; 415 
834170 ; 319560 ; 833990 ; 319520 ; 416 
836104 ; 320240 ; 835998 ; 320200 ; 417 
838104 ; 320960 ; 838002 ; 320920 ; 418 
840092 ; 321680 ; 839990 ; 321640 ; 419 
842246 ; 322440 ; 842070 ; 322400 ; 420 
844086 ; 323120 ; 843984 ; 323080 ; 421 
846108 ; 323880 ; 846012 ; 323840 ; 422 
848104 ; 324640 ; 848004 ; 324600 ; 423 
850164 ; 325400 ; 850066 ; 325360 ; 424 
852144 ; 326160 ; 852046 ; 326120 ; 425 
854130 ; 326920 ; 854034 ; 326880 ; 426 
856196 ; 327680 ; 856098 ; 327640 ; 427 
858194 ; 328440 ; 858098 ; 328400 ; 428 
860250 ; 329200 ; 860080 ; 329160 ; 429 
862216 ; 329960 ; 862120 ; 329920 ; 430 
864138 ; 330720 ; 864046 ; 330680 ; 431 
866214 ; 331520 ; 866120 ; 331480 ; 432 
868170 ; 332320 ; 868078 ; 332280 ; 433 
870222 ; 333120 ; 870130 ; 333080 ; 434 
872254 ; 333880 ; 872144 ; 333840 ; 435 
874166 ; 334520 ; 874056 ; 334480 ; 436 
876212 ; 335240 ; 876110 ; 335200 ; 437 
878272 ; 335960 ; 878094 ; 335920 ; 438 
880238 ; 336680 ; 880138 ; 336640 ; 439 
882180 ; 337400 ; 882082 ; 337360 ; 440 
884188 ; 338160 ; 884090 ; 338120 ; 441 
886252 ; 338920 ; 886154 ; 338880 ; 442 
888236 ; 339680 ; 888142 ; 339640 ; 443 
890370 ; 340480 ; 890198 ; 340440 ; 444 
892224 ; 341200 ; 892130 ; 341160 ; 445 
894286 ; 342000 ; 894190 ; 341960 ; 446 
896262 ; 342720 ; 896090 ; 342680 ; 447 
898264 ; 343480 ; 898166 ; 343440 ; 448 
900254 ; 344240 ; 900158 ; 344200 ; 449 
902304 ; 345000 ; 902208 ; 344960 ; 450 
904236 ; 345760 ; 904142 ; 345720 ; 451 
906252 ; 346560 ; 906160 ; 346520 ; 452 
908290 ; 347360 ; 908204 ; 347320 ; 453 
910418 ; 348200 ; 910248 ; 348160 ; 454 
912300 ; 348960 ; 912208 ; 348920 ; 455 
914364 ; 349720 ; 914258 ; 349680 ; 456 
916292 ; 350400 ; 916186 ; 350360 ; 457 
918342 ; 351120 ; 918240 ; 351080 ; 458 
920302 ; 351840 ; 920202 ; 351800 ; 459 
922330 ; 352600 ; 922232 ; 352560 ; 460 
924412 ; 353360 ; 924238 ; 353320 ; 461 
926376 ; 354120 ; 926282 ; 354080 ; 462 
928308 ; 354880 ; 928212 ; 354840 ; 463 
930322 ; 355640 ; 930228 ; 355600 ; 464 
932334 ; 356440 ; 932242 ; 356400 ; 465 
934328 ; 357200 ; 934160 ; 357160 ; 466 
936384 ; 358000 ; 936288 ; 357960 ; 467 
938364 ; 358760 ; 938266 ; 358720 ; 468 
940412 ; 359520 ; 940316 ; 359480 ; 469 
942354 ; 360280 ; 942258 ; 360240 ; 470 
944452 ; 361080 ; 944282 ; 361040 ; 471 
946342 ; 361840 ; 946248 ; 361800 ; 472 
948460 ; 362680 ; 948296 ; 362640 ; 473 
950394 ; 363480 ; 950302 ; 363440 ; 474 
952484 ; 364280 ; 952312 ; 364240 ; 475 
954394 ; 364960 ; 954286 ; 364920 ; 476 
956422 ; 365640 ; 956312 ; 365600 ; 477 
958444 ; 366320 ; 958338 ; 366280 ; 478 
960442 ; 367000 ; 960334 ; 366960 ; 479 
962426 ; 367680 ; 962318 ; 367640 ; 480 
964448 ; 368400 ; 964346 ; 368360 ; 481 
966516 ; 369120 ; 966336 ; 369080 ; 482 
968494 ; 369840 ; 968392 ; 369800 ; 483 
970454 ; 370560 ; 970354 ; 370520 ; 484 
972488 ; 371320 ; 972390 ; 371280 ; 485 
974498 ; 372040 ; 974398 ; 372000 ; 486 
976426 ; 372760 ; 976328 ; 372720 ; 487 
978446 ; 373520 ; 978348 ; 373480 ; 488 
980426 ; 374240 ; 980254 ; 374200 ; 489 
982504 ; 375040 ; 982408 ; 375000 ; 490 
984492 ; 375800 ; 984396 ; 375760 ; 491 
986454 ; 376520 ; 986280 ; 376480 ; 492 
988512 ; 377320 ; 988418 ; 377280 ; 493 
990608 ; 378120 ; 990438 ; 378080 ; 494 
992500 ; 378880 ; 992408 ; 378840 ; 495 
994484 ; 379680 ; 994390 ; 379640 ; 496 
996540 ; 380400 ; 996432 ; 380360 ; 497 
998478 ; 381080 ; 998374 ; 381040 ; 498 
1000510 ; 381800 ; 1000406 ; 381760 ; 499 
1002518 ; 382520 ; 1002414 ; 382480 ; 500 
1004504 ; 383240 ; 1004402 ; 383200 ; 501 
1006546 ; 383960 ; 1006444 ; 383920 ; 502 
1008584 ; 384720 ; 1008486 ; 384680 ; 503 
1010512 ; 385440 ; 1010414 ; 385400 ; 504 
1012590 ; 386200 ; 1012490 ; 386160 ; 505 
1014560 ; 386960 ; 1014464 ; 386920 ; 506 
1016530 ; 387720 ; 1016434 ; 387680 ; 507 
1018578 ; 388480 ; 1018480 ; 388440 ; 508 
1020592 ; 389240 ; 1020494 ; 389200 ; 509 
1022578 ; 390000 ; 1022482 ; 389960 ; 510 
1024538 ; 390720 ; 1024442 ; 390680 ; 511 
1026572 ; 391520 ; 1026478 ; 391480 ; 512 
1028572 ; 392280 ; 1028402 ; 392240 ; 513 
1030568 ; 393080 ; 1030478 ; 393040 ; 514 
1032618 ; 393880 ; 1032452 ; 393840 ; 515 
1034596 ; 394680 ; 1034506 ; 394640 ; 516 
1036692 ; 395480 ; 1036514 ; 395440 ; 517 
1038658 ; 396160 ; 1038550 ; 396120 ; 518 
1040598 ; 396840 ; 1040496 ; 396800 ; 519 
1042588 ; 397560 ; 1042486 ; 397520 ; 520 
1044658 ; 398320 ; 1044558 ; 398280 ; 521 
1046660 ; 399040 ; 1046486 ; 399000 ; 522 
1048654 ; 399800 ; 1048558 ; 399760 ; 523 
1050618 ; 400560 ; 1050524 ; 400520 ; 524 
1052636 ; 401320 ; 1052542 ; 401280 ; 525 
1054670 ; 402120 ; 1054576 ; 402080 ; 526 
1056678 ; 402880 ; 1056508 ; 402840 ; 527 
1058646 ; 403640 ; 1058550 ; 403600 ; 528 
1060664 ; 404400 ; 1060566 ; 404360 ; 529 
1062740 ; 405160 ; 1062568 ; 405120 ; 530 
1064644 ; 405880 ; 1064548 ; 405840 ; 531 
1066710 ; 406680 ; 1066616 ; 406640 ; 532 
1068726 ; 407440 ; 1068632 ; 407400 ; 533 
1070724 ; 408240 ; 1070632 ; 408200 ; 534 
1072684 ; 409000 ; 1072514 ; 408960 ; 535 
1074746 ; 409840 ; 1074656 ; 409800 ; 536 
1076708 ; 410600 ; 1076538 ; 410560 ; 537 
1078732 ; 411320 ; 1078626 ; 411280 ; 538 
1080752 ; 412040 ; 1080650 ; 412000 ; 539 
1082750 ; 412760 ; 1082646 ; 412720 ; 540 
1084732 ; 413480 ; 1084630 ; 413440 ; 541 
1086762 ; 414200 ; 1086660 ; 414160 ; 542 
1088708 ; 414920 ; 1088608 ; 414880 ; 543 
1090730 ; 415680 ; 1090632 ; 415640 ; 544 
1092706 ; 416400 ; 1092534 ; 416360 ; 545 
1094774 ; 417200 ; 1094680 ; 417160 ; 546 
1096728 ; 417960 ; 1096634 ; 417920 ; 547 
1098750 ; 418720 ; 1098656 ; 418680 ; 548 
1100734 ; 419480 ; 1100634 ; 419440 ; 549 
1102730 ; 420240 ; 1102634 ; 420200 ; 550 
1104790 ; 421000 ; 1104694 ; 420960 ; 551 
1106834 ; 421800 ; 1106736 ; 421760 ; 552 
1108750 ; 422520 ; 1108582 ; 422480 ; 553 
1110826 ; 423360 ; 1110736 ; 423320 ; 554 
1112768 ; 424120 ; 1112602 ; 424080 ; 555 
1114810 ; 424960 ; 1114720 ; 424920 ; 556 
1116818 ; 425760 ; 1116728 ; 425720 ; 557 
1118802 ; 426480 ; 1118698 ; 426440 ; 558 
1120806 ; 427160 ; 1120692 ; 427120 ; 559 
1122856 ; 427840 ; 1122744 ; 427800 ; 560 
1124866 ; 428520 ; 1124758 ; 428480 ; 561 
1126844 ; 429200 ; 1126740 ; 429160 ; 562 
1128952 ; 429920 ; 1128776 ; 429880 ; 563 
1130862 ; 430600 ; 1130758 ; 430560 ; 564 
1132852 ; 431320 ; 1132750 ; 431280 ; 565 
1134906 ; 432080 ; 1134808 ; 432040 ; 566 
1136920 ; 432800 ; 1136746 ; 432760 ; 567 
1138828 ; 433520 ; 1138732 ; 433480 ; 568 
1140842 ; 434280 ; 1140744 ; 434240 ; 569 
1142860 ; 435040 ; 1142762 ; 435000 ; 570 
1144846 ; 435760 ; 1144748 ; 435720 ; 571 
1146844 ; 436520 ; 1146746 ; 436480 ; 572 
1149012 ; 437320 ; 1148838 ; 437280 ; 573 
1150884 ; 438040 ; 1150792 ; 438000 ; 574 
1152918 ; 438840 ; 1152824 ; 438800 ; 575 
1154910 ; 439600 ; 1154818 ; 439560 ; 576 
1156898 ; 440400 ; 1156806 ; 440360 ; 577 
1158678 ; 440960 ; 1158508 ; 440920 ; 577 
1158882 ; 441000 ; 0 ; 440960 ; 577 
