sector;pts_read;dts_read; NB_SAMPLES_PTS ;;;;;;;;;
0;105;24;0;;105;0;23;-1;;;;
1;2717;2636;1280;5,33333333333333;2717;0;2636;0;;;;
2;5330;5248;2560;10,6666666666667;5330;0;5248;0;;;;
3;7942;7860;3840;16;7942;0;7860;0;;;;
4;10554;10472;5120;21,3333333333333;10554;0;10472;0;;;;
5;13248;13166;6440;26,8333333333333;13248;0;13166;0;;;;
6;15860;15779;7720;32,1666666666667;15860;0;15779;0;;;;
7;18472;18391;9000;37,5;18472;0;18391;0;;;;
8;21085;21003;10280;42,8333333333333;21085;0;21003;0;;;;
9;23697;23615;11560;48,1666666666667;23697;0;23615;0;;;;
10;26309;26228;12840;53,5;26309;0;26228;0;;;;
11;29003;28921;14160;59;29003;0;28921;0;;;;
12;31615;31534;15440;64,3333333333333;31615;0;31534;0;;;;
13;34228;34146;16720;69,6666666666667;34228;0;34146;0;;;;
14;36840;36758;18000;75;36840;0;36758;0;;;;
15;39452;39370;19280;80,3333333333333;39452;0;39370;0;;;;
16;42064;41983;20560;85,6666666666667;42064;0;41983;0;;;;
17;44677;44595;21840;91;44677;0;44595;0;;;;
18;47289;47207;23120;96,3333333333333;47289;0;47207;0;;;;
19;49819;49738;24360;101,5;49819;0;49738;0;;;;
20;52187;52105;25520;106,333333333333;52187;0;52105;0;;;;
21;53983;53901;26360;109,833333333333;53901;-82;53819;-82;;;;
22;55370;55289;27080;112,833333333333;55370;0;55289;0;;;;
23;56758;56677;27760;115,666666666667;56758;0;56677;0;;;;
24;58228;58146;28480;118,666666666667;58228;0;58146;0;;;;
25;59697;59615;29200;121,666666666667;59697;0;59615;0;;;;
26;61166;61085;29920;124,666666666667;61166;0;61085;0;;;;
27;62636;62554;30640;127,666666666667;62636;0;62554;0;;;;
28;64024;63942;31320;130,5;64023;-1;63942;0;;;;
29;65493;65411;32040;133,5;65493;0;65411;0;;;;
30;66962;66881;32760;136,5;66962;0;66881;0;;;;
31;68432;68350;33480;139,5;68432;0;68350;0;;;;
32;69819;69738;34160;142,333333333333;69819;0;69738;0;;;;
33;71289;71207;34880;145,333333333333;71289;0;71207;0;;;;
34;72758;72677;35600;148,333333333333;72758;0;72677;0;;;;
35;74146;74064;36280;151,166666666667;74146;0;74064;0;;;;
36;75615;75534;37000;154,166666666667;75615;0;75534;0;;;;
37;77085;77003;37720;157,166666666667;77085;0;77003;0;;;;
38;78472;78391;38400;160;78472;0;78391;0;;;;
39;79942;79860;39120;163;79942;0;79860;0;;;;
40;81411;81330;39840;166;81411;0;81330;0;;;;
41;82881;82799;40560;169;82881;0;82799;0;;;;
42;84268;84187;41240;171,833333333333;84268;0;84187;0;;;;
43;85656;85575;41920;174,666666666667;85656;0;85575;0;;;;
44;87126;87044;42640;177,666666666667;87126;0;87044;0;;;;
45;88513;88432;43320;180,5;88513;0;88432;0;;;;
46;89901;89819;44000;183,333333333333;89901;0;89819;0;;;;
47;91370;91289;44720;186,333333333333;91370;0;91289;0;;;;
48;92840;92758;45440;189,333333333333;92840;0;92758;0;;;;
49;94228;94146;46120;192,166666666667;94228;0;94146;0;;;;
50;95697;95615;46840;195,166666666667;95697;0;95615;0;;;;
51;97166;97085;47560;198,166666666667;97166;0;97085;0;;;;
52;98636;98554;48280;201,166666666667;98636;0;98554;0;;;;
53;100024;99942;48960;204;100023;-1;99942;0;;;;
54;101493;101411;49680;207;101493;0;101411;0;;;;
55;103044;102962;50440;210,166666666667;103044;0;102962;0;;;;
56;104513;104432;51160;213,166666666667;104513;0;104432;0;;;;
57;105983;105901;51880;216,166666666667;105983;0;105901;0;;;;
58;107370;107289;52560;219;107370;0;107289;0;;;;
59;108840;108758;53280;222;108840;0;108758;0;;;;
60;110391;110309;54040;225,166666666667;110391;0;110309;0;;;;
61;111860;111779;54760;228,166666666667;111860;0;111779;0;;;;
62;113330;113248;55480;231,166666666667;113330;0;113248;0;;;;
63;114799;114717;56200;234,166666666667;114799;0;114717;0;;;;
64;116268;116187;56920;237,166666666667;116268;0;116187;0;;;;
65;117738;117656;57640;240,166666666667;117738;0;117656;0;;;;
66;119044;118962;58280;242,833333333333;119044;0;118962;0;;;;
67;120432;120350;58960;245,666666666667;120432;0;120350;0;;;;
68;121819;121738;59640;248,5;121819;0;121738;0;;;;
69;123207;123126;60320;251,333333333333;123207;0;123126;0;;;;
70;124595;124513;61000;254,166666666667;124595;0;124513;0;;;;
71;126064;125983;61720;257,166666666667;126064;0;125983;0;;;;
72;127534;127452;62440;260,166666666667;127534;0;127452;0;;;;
73;128921;128840;63120;263;128921;0;128840;0;;;;
74;130391;130309;63840;266;130391;0;130309;0;;;;
75;131942;131860;64600;269,166666666667;131942;0;131860;0;;;;
76;133411;133330;65320;272,166666666667;133411;0;133330;0;;;;
77;134881;134799;66040;275,166666666667;134881;0;134799;0;;;;
78;136350;136268;66760;278,166666666667;136350;0;136268;0;;;;
79;137901;137819;67480;281,166666666667;137819;-82;137738;-81;;;;
80;139370;139289;68240;284,333333333333;139370;0;139289;0;;;;
81;140840;140758;68960;287,333333333333;140840;0;140758;0;;;;
82;142472;142391;69760;290,666666666667;142472;0;142391;0;;;;
83;144024;143942;70520;293,833333333333;144023;-1;143942;0;;;;
84;145575;145493;71280;297;145575;0;145493;0;;;;
85;147126;147044;72040;300,166666666667;147126;0;147044;0;;;;
86;148595;148513;72760;303,166666666667;148595;0;148513;0;;;;
87;149901;149819;73400;305,833333333333;149901;0;149819;0;;;;
88;151370;151289;74120;308,833333333333;151370;0;151289;0;;;;
89;152840;152758;74840;311,833333333333;152840;0;152758;0;;;;
90;154309;154228;75560;314,833333333333;154309;0;154228;0;;;;
91;155779;155697;76280;317,833333333333;155779;0;155697;0;;;;
92;157166;157085;76960;320,666666666667;157166;0;157085;0;;;;
93;158717;158636;77720;323,833333333333;158717;0;158636;0;;;;
94;160268;160187;78480;327;160268;0;160187;0;;;;
95;161738;161656;79200;330;161738;0;161656;0;;;;
96;163289;163207;79960;333,166666666667;163289;0;163207;0;;;;
97;164921;164840;80760;336,5;164921;0;164840;0;;;;
98;166391;166309;81480;339,5;166391;0;166309;0;;;;
99;167860;167779;82200;342,5;167860;0;167779;0;;;;
100;169411;169330;82960;345,666666666667;169411;0;169330;0;;;;
101;170962;170881;83720;348,833333333333;170962;0;170881;0;;;;
102;172595;172513;84520;352,166666666667;172595;0;172513;0;;;;
103;174228;174146;85320;355,5;174228;0;174146;0;;;;
104;175860;175779;86120;358,833333333333;175860;0;175779;0;;;;
105;177493;177411;86920;362,166666666667;177493;0;177411;0;;;;
106;179044;178962;87680;365,333333333333;179044;0;178962;0;;;;
107;180432;180350;88360;368,166666666667;180432;0;180350;0;;;;
108;181819;181738;89040;371;181819;0;181738;0;;;;
109;183289;183207;89760;374;183289;0;183207;0;;;;
110;184758;184677;90480;377;184758;0;184677;0;;;;
111;186146;186064;91160;379,833333333333;186146;0;186064;0;;;;
112;187615;187534;91880;382,833333333333;187615;0;187534;0;;;;
113;189166;189085;92640;386;189166;0;189085;0;;;;
114;190636;190554;93360;389;190636;0;190554;0;;;;
115;192187;192105;94120;392,166666666667;192187;0;192105;0;;;;
116;193738;193656;94880;395,333333333333;193738;0;193656;0;;;;
117;195289;195207;95640;398,5;195289;0;195207;0;;;;
118;196840;196758;96400;401,666666666667;196840;0;196758;0;;;;
119;198391;198309;97160;404,833333333333;198391;0;198309;0;;;;
120;199860;199779;97880;407,833333333333;199860;0;199779;0;;;;
121;201493;201411;98680;411,166666666667;201493;0;201411;0;;;;
122;203044;202962;99440;414,333333333333;203044;0;202962;0;;;;
123;204595;204513;100200;417,5;204595;0;204513;0;;;;
124;206309;206228;101040;421;206309;0;206228;0;;;;
125;207860;207779;101800;424,166666666667;207860;0;207779;0;;;;
126;209493;209411;102600;427,5;209493;0;209411;0;;;;
127;211044;210962;103360;430,666666666667;211044;0;210962;0;;;;
128;212432;212350;104040;433,5;212432;0;212350;0;;;;
129;213819;213738;104720;436,333333333333;213819;0;213738;0;;;;
130;215289;215207;105440;439,333333333333;215289;0;215207;0;;;;
131;216840;216758;106200;442,5;216840;0;216758;0;;;;
132;218228;218146;106880;445,333333333333;218228;0;218146;0;;;;
133;219779;219697;107640;448,5;219779;0;219697;0;;;;
134;221330;221248;108400;451,666666666667;221330;0;221248;0;;;;
135;222881;222799;109160;454,833333333333;222881;0;222799;0;;;;
136;224513;224432;109960;458,166666666667;224513;0;224432;0;;;;
137;226064;225983;110720;461,333333333333;226064;0;225983;0;;;;
138;227615;227534;111480;464,5;227615;0;227534;0;;;;
139;229166;229085;112240;467,666666666667;229166;0;229085;0;;;;
140;230717;230636;113000;470,833333333333;230717;0;230636;0;;;;
141;232268;232187;113760;474;232268;0;232187;0;;;;
142;233819;233738;114520;477,166666666667;233819;0;233738;0;;;;
143;235370;235289;115280;480,333333333333;235370;0;235289;0;;;;
144;237003;236921;116080;483,666666666667;237003;0;236921;0;;;;
145;238636;238554;116880;487;238636;0;238554;0;;;;
146;240268;240187;117680;490,333333333333;240268;0;240187;0;;;;
147;241819;241738;118440;493,5;241819;0;241738;0;;;;
148;243207;243126;119120;496,333333333333;243207;0;243126;0;;;;
149;244595;244513;119800;499,166666666667;244595;0;244513;0;;;;
150;245901;245819;120440;501,833333333333;245901;0;245819;0;;;;
151;247289;247207;121120;504,666666666667;247289;0;247207;0;;;;
152;248758;248677;121840;507,666666666667;248758;0;248677;0;;;;
153;250228;250146;122560;510,666666666667;250228;0;250146;0;;;;
154;251697;251615;123280;513,666666666667;251697;0;251615;0;;;;
155;253166;253085;124000;516,666666666667;253166;0;253085;0;;;;
156;254636;254554;124720;519,666666666667;254636;0;254554;0;;;;
157;256187;256105;125480;522,833333333333;256187;0;256105;0;;;;
158;257656;257575;126200;525,833333333333;257656;0;257575;0;;;;
159;259207;259126;126960;529;259207;0;259126;0;;;;
160;260677;260595;127680;532;260677;0;260595;0;;;;
161;262228;262146;128440;535,166666666667;262228;0;262146;0;;;;
162;263779;263697;129200;538,333333333333;263779;0;263697;0;;;;
163;265330;265248;129960;541,5;265330;0;265248;0;;;;
164;266881;266799;130720;544,666666666667;266881;0;266799;0;;;;
165;268513;268432;131520;548;268513;0;268432;0;;;;
166;270064;269983;132280;551,166666666667;270064;0;269983;0;;;;
167;271615;271534;133040;554,333333333333;271615;0;271534;0;;;;
168;273166;273085;133800;557,5;273166;0;273085;0;;;;
169;274636;274554;134520;560,5;274636;0;274554;0;;;;
170;276024;275942;135200;563,333333333333;276023;-1;275942;0;;;;
171;277411;277330;135880;566,166666666667;277411;0;277330;0;;;;
172;278881;278799;136600;569,166666666667;278881;0;278799;0;;;;
173;280432;280350;137360;572,333333333333;280432;0;280350;0;;;;
174;281901;281819;138080;575,333333333333;281901;0;281819;0;;;;
175;283370;283289;138800;578,333333333333;283370;0;283289;0;;;;
176;284921;284840;139560;581,5;284921;0;284840;0;;;;
177;286472;286391;140320;584,666666666667;286472;0;286391;0;;;;
178;288024;287942;141080;587,833333333333;288023;-1;287942;0;;;;
179;289656;289575;141880;591,166666666667;289656;0;289575;0;;;;
180;291126;291044;142600;594,166666666667;291126;0;291044;0;;;;
181;292758;292677;143360;597,333333333333;292677;-81;292595;-82;;;;
182;294309;294228;144160;600,666666666667;294309;0;294228;0;;;;
183;295779;295697;144880;603,666666666667;295779;0;295697;0;;;;
184;297411;297330;145680;607;297411;0;297330;0;;;;
185;299044;298962;146480;610,333333333333;299044;0;298962;0;;;;
186;300677;300595;147280;613,666666666667;300677;0;300595;0;;;;
187;302309;302228;148080;617;302309;0;302228;0;;;;
188;303860;303779;148840;620,166666666667;303860;0;303779;0;;;;
189;305248;305166;149520;623;305248;0;305166;0;;;;
190;306717;306636;150240;626;306717;0;306636;0;;;;
191;308187;308105;150960;629;308187;0;308105;0;;;;
192;309656;309575;151680;632;309656;0;309575;0;;;;
193;311207;311126;152440;635,166666666667;311207;0;311126;0;;;;
194;312758;312677;153200;638,333333333333;312758;0;312677;0;;;;
195;314228;314146;153920;641,333333333333;314228;0;314146;0;;;;
196;315860;315779;154720;644,666666666667;315860;0;315779;0;;;;
197;317411;317330;155480;647,833333333333;317411;0;317330;0;;;;
198;319044;318962;156280;651,166666666667;319044;0;318962;0;;;;
199;320677;320595;157080;654,5;320677;0;320595;0;;;;
200;322146;322064;157800;657,5;322146;0;322064;0;;;;
201;323697;323615;158560;660,666666666667;323697;0;323615;0;;;;
202;325248;325166;159320;663,833333333333;325248;0;325166;0;;;;
203;326799;326717;160080;667;326799;0;326717;0;;;;
204;328432;328350;160880;670,333333333333;328432;0;328350;0;;;;
205;329983;329901;161640;673,5;329983;0;329901;0;;;;
206;331697;331615;162480;677;331697;0;331615;0;;;;
207;333248;333166;163240;680,166666666667;333248;0;333166;0;;;;
208;334881;334799;164040;683,5;334881;0;334799;0;;;;
209;336432;336350;164800;686,666666666667;336432;0;336350;0;;;;
210;337819;337738;165480;689,5;337819;0;337738;0;;;;
211;339207;339126;166160;692,333333333333;339207;0;339126;0;;;;
212;340677;340595;166880;695,333333333333;340677;0;340595;0;;;;
213;342228;342146;167640;698,5;342228;0;342146;0;;;;
214;343615;343534;168320;701,333333333333;343615;0;343534;0;;;;
215;345166;345085;169080;704,5;345166;0;345085;0;;;;
216;346717;346636;169840;707,666666666667;346717;0;346636;0;;;;
217;348268;348187;170600;710,833333333333;348268;0;348187;0;;;;
218;349819;349738;171360;714;349819;0;349738;0;;;;
219;351452;351370;172160;717,333333333333;351452;0;351370;0;;;;
220;352921;352840;172880;720,333333333333;352921;0;352840;0;;;;
221;354554;354472;173680;723,666666666667;354554;0;354472;0;;;;
222;356105;356024;174440;726,833333333333;356105;0;356023;-1;;;;
223;357575;357493;175160;729,833333333333;357575;0;357493;0;;;;
224;359126;359044;175920;733;359126;0;359044;0;;;;
225;360758;360677;176720;736,333333333333;360758;0;360677;0;;;;
226;362309;362228;177480;739,5;362309;0;362228;0;;;;
227;364024;363942;178320;743;364023;-1;363942;0;;;;
228;365656;365575;179120;746,333333333333;365656;0;365575;0;;;;
229;367207;367126;179880;749,5;367207;0;367126;0;;;;
230;368595;368513;180560;752,333333333333;368595;0;368513;0;;;;
231;369983;369901;181240;755,166666666667;369983;0;369901;0;;;;
232;371370;371289;181920;758;371370;0;371289;0;;;;
233;372758;372677;182600;760,833333333333;372758;0;372677;0;;;;
234;374146;374064;183280;763,666666666667;374146;0;374064;0;;;;
235;375615;375534;184000;766,666666666667;375615;0;375534;0;;;;
236;377085;377003;184720;769,666666666667;377085;0;377003;0;;;;
237;378554;378472;185440;772,666666666667;378554;0;378472;0;;;;
238;380105;380024;186200;775,833333333333;380105;0;380023;-1;;;;
239;381656;381575;186960;779;381656;0;381575;0;;;;
240;383126;383044;187680;782;383126;0;383044;0;;;;
241;384677;384595;188440;785,166666666667;384677;0;384595;0;;;;
242;386228;386146;189200;788,333333333333;386228;0;386146;0;;;;
243;387779;387697;189960;791,5;387779;0;387697;0;;;;
244;389330;389248;190720;794,666666666667;389330;0;389248;0;;;;
245;390881;390799;191480;797,833333333333;390881;0;390799;0;;;;
246;392432;392350;192240;801;392432;0;392350;0;;;;
247;394064;393983;193040;804,333333333333;394064;0;393983;0;;;;
248;395615;395534;193800;807,5;395615;0;395534;0;;;;
249;397330;397248;194640;811;397330;0;397248;0;;;;
250;398799;398717;195360;814;398799;0;398717;0;;;;
251;400187;400105;196040;816,833333333333;400187;0;400105;0;;;;
252;401656;401575;196760;819,833333333333;401656;0;401575;0;;;;
253;403044;402962;197440;822,666666666667;403044;0;402962;0;;;;
254;404513;404432;198160;825,666666666667;404513;0;404432;0;;;;
255;406064;405983;198920;828,833333333333;406064;0;405983;0;;;;
256;407452;407370;199600;831,666666666667;407452;0;407370;0;;;;
257;409003;408921;200360;834,833333333333;409003;0;408921;0;;;;
258;410472;410391;201080;837,833333333333;410472;0;410391;0;;;;
259;412024;411942;201840;841;412023;-1;411942;0;;;;
260;413575;413493;202600;844,166666666667;413575;0;413493;0;;;;
261;415126;415044;203360;847,333333333333;415126;0;415044;0;;;;
262;416595;416513;204080;850,333333333333;416595;0;416513;0;;;;
263;418146;418064;204840;853,5;418146;0;418064;0;;;;
264;419697;419615;205600;856,666666666667;419697;0;419615;0;;;;
265;421248;421166;206360;859,833333333333;421248;0;421166;0;;;;
266;422799;422717;207120;863;422799;0;422717;0;;;;
267;424432;424350;207920;866,333333333333;424432;0;424350;0;;;;
268;426064;425983;208720;869,666666666667;426064;0;425983;0;;;;
269;427697;427615;209520;873;427697;0;427615;0;;;;
270;429248;429166;210280;876,166666666667;429248;0;429166;0;;;;
271;430717;430636;211000;879,166666666667;430717;0;430636;0;;;;
272;432105;432024;211680;882;432105;0;432023;-1;;;;
273;433575;433493;212400;885;433575;0;433493;0;;;;
274;435044;434962;213120;888;435044;0;434962;0;;;;
275;436513;436432;213840;891;436513;0;436432;0;;;;
276;438064;437983;214600;894,166666666667;438064;0;437983;0;;;;
277;439534;439452;215320;897,166666666667;439534;0;439452;0;;;;
278;441003;440921;216040;900,166666666667;441003;0;440921;0;;;;
279;442636;442554;216840;903,5;442636;0;442554;0;;;;
280;444105;444024;217560;906,5;444105;0;444023;-1;;;;
281;445656;445575;218320;909,666666666667;445656;0;445575;0;;;;
282;447289;447207;219120;913;447289;0;447207;0;;;;
283;448758;448677;219840;916;448758;0;448677;0;;;;
284;450309;450228;220600;919,166666666667;450309;0;450228;0;;;;
285;451860;451779;221360;922,333333333333;451860;0;451779;0;;;;
286;453411;453330;222120;925,5;453411;0;453330;0;;;;
287;454962;454881;222880;928,666666666667;454962;0;454881;0;;;;
288;456595;456513;223680;932;456595;0;456513;0;;;;
289;458228;458146;224480;935,333333333333;458228;0;458146;0;;;;
290;459860;459779;225280;938,666666666667;459860;0;459779;0;;;;
291;461411;461330;226040;941,833333333333;461411;0;461330;0;;;;
292;462799;462717;226720;944,666666666667;462799;0;462717;0;;;;
293;464187;464105;227400;947,5;464187;0;464105;0;;;;
294;465656;465575;228120;950,5;465656;0;465575;0;;;;
295;467126;467044;228840;953,5;467126;0;467044;0;;;;
296;468677;468595;229600;956,666666666667;468677;0;468595;0;;;;
297;470228;470146;230360;959,833333333333;470228;0;470146;0;;;;
298;471697;471615;231080;962,833333333333;471697;0;471615;0;;;;
299;473330;473248;231880;966,166666666667;473330;0;473248;0;;;;
300;474881;474799;232640;969,333333333333;474881;0;474799;0;;;;
301;476432;476350;233400;972,5;476432;0;476350;0;;;;
302;478064;477983;234200;975,833333333333;478064;0;477983;0;;;;
303;479534;479452;234920;978,833333333333;479534;0;479452;0;;;;
304;481085;481003;235680;982;481085;0;481003;0;;;;
305;482717;482636;236480;985,333333333333;482717;0;482636;0;;;;
306;484187;484105;237200;988,333333333333;484187;0;484105;0;;;;
307;485819;485738;238000;991,666666666667;485819;0;485738;0;;;;
308;487452;487370;238800;995;487452;0;487370;0;;;;
309;489085;489003;239600;998,333333333333;489085;0;489003;0;;;;
310;490717;490636;240400;1001,66666666667;490717;0;490636;0;;;;
311;492268;492187;241160;1004,83333333333;492268;0;492187;0;;;;
312;493656;493575;241840;1007,66666666667;493656;0;493575;0;;;;
313;495044;494962;242520;1010,5;495044;0;494962;0;;;;
314;496432;496350;243200;1013,33333333333;496432;0;496350;0;;;;
315;497819;497738;243880;1016,16666666667;497819;0;497738;0;;;;
316;499289;499207;244600;1019,16666666667;499289;0;499207;0;;;;
317;500677;500595;245280;1022;500677;0;500595;0;;;;
318;502146;502064;246000;1025;502146;0;502064;0;;;;
319;503697;503615;246760;1028,16666666667;503697;0;503615;0;;;;
320;505166;505085;247480;1031,16666666667;505166;0;505085;0;;;;
321;506636;506554;248200;1034,16666666667;506636;0;506554;0;;;;
322;508187;508105;248960;1037,33333333333;508187;0;508105;0;;;;
323;509738;509656;249720;1040,5;509738;0;509656;0;;;;
324;511126;511044;250400;1043,33333333333;511126;0;511044;0;;;;
325;512677;512595;251160;1046,5;512677;0;512595;0;;;81,6326530612245;11,76
326;514228;514146;251920;1049,66666666667;514228;0;514146;0;;;105,632653061225;
327;515779;515697;252680;1052,83333333333;515779;0;515697;0;;;;
328;517330;517248;253440;1056;517330;0;517248;0;;;;
329;518962;518881;254240;1059,33333333333;518962;0;518881;0;;;;
330;520595;520513;255040;1062,66666666667;520595;0;520513;0;;;;
331;522228;522146;255840;1066;522228;0;522146;0;;;;
332;523779;523697;256600;1069,16666666667;523779;0;523697;0;;;;
333;525248;525166;257320;1072,16666666667;525248;0;525166;0;;;;
334;526717;526636;258040;1075,16666666667;526717;0;526636;0;;;;
335;528187;528105;258760;1078,16666666667;528187;0;528105;0;;;;
336;529575;529493;259440;1081;529575;0;529493;0;;;;
337;531044;530962;260160;1084;531044;0;530962;0;;;;
338;532595;532513;260920;1087,16666666667;532595;0;532513;0;;;;
339;534064;533983;261640;1090,16666666667;534064;0;533983;0;;;;
340;535615;535534;262400;1093,33333333333;535615;0;535534;0;;;;
341;537166;537085;263160;1096,5;537166;0;537085;0;;;;
342;538717;538636;263920;1099,66666666667;538717;0;538636;0;;;;
343;540268;540187;264680;1102,83333333333;540268;0;540187;0;;;;
344;541901;541819;265480;1106,16666666667;541901;0;541819;0;;;;
345;543370;543289;266200;1109,16666666667;543370;0;543289;0;;;;
346;544921;544840;266960;1112,33333333333;544921;0;544840;0;;;;
347;546472;546391;267720;1115,5;546472;0;546391;0;;;;
348;548024;547942;268480;1118,66666666667;548023;-1;547942;0;;;;
349;549656;549575;269280;1122;549656;0;549575;0;;;;
350;551207;551126;270040;1125,16666666667;551207;0;551126;0;;;;
351;552840;552758;270840;1128,5;552840;0;552758;0;;;;
352;554472;554391;271640;1131,83333333333;554472;0;554391;0;;;;
353;556024;555942;272400;1135;556023;-1;555942;0;;;;
354;557411;557330;273080;1137,83333333333;557411;0;557330;0;;;;
355;558881;558799;273800;1140,83333333333;558881;0;558799;0;;;;
356;560350;560268;274520;1143,83333333333;560350;0;560268;0;;;;
357;561819;561738;275240;1146,83333333333;561819;0;561738;0;;;;
358;563370;563289;276000;1150;563370;0;563289;0;;;;
359;564921;564840;276760;1153,16666666667;564921;0;564840;0;;;;
360;566472;566391;277520;1156,33333333333;566472;0;566391;0;;;;
361;568024;567942;278280;1159,5;568023;-1;567942;0;;;;
362;569575;569493;279040;1162,66666666667;569575;0;569493;0;;;;
363;571207;571126;279840;1166;571207;0;571126;0;;;;
364;572758;572677;280600;1169,16666666667;572758;0;572677;0;;;;
365;574309;574228;281360;1172,33333333333;574309;0;574228;0;;;;
366;575860;575779;282120;1175,5;575860;0;575779;0;;;;
367;577411;577330;282880;1178,66666666667;577411;0;577330;0;;;;
368;578962;578881;283640;1181,83333333333;578962;0;578881;0;;;;
369;580595;580513;284440;1185,16666666667;580595;0;580513;0;;;;
370;582228;582146;285240;1188,5;582228;0;582146;0;;;;
371;583860;583779;286040;1191,83333333333;583860;0;583779;0;;;;
372;585493;585411;286840;1195,16666666667;585493;0;585411;0;;;;
373;587126;587044;287600;1198,33333333333;587044;-82;586962;-82;;;;
374;588513;588432;288320;1201,33333333333;588513;0;588432;0;;;;
375;589901;589819;289000;1204,16666666667;589901;0;589819;0;;;;
376;591370;591289;289720;1207,16666666667;591370;0;591289;0;;;;
377;592758;592677;290400;1210;592758;0;592677;0;;;;
378;594309;594228;291160;1213,16666666667;594309;0;594228;0;;;;
379;595779;595697;291880;1216,16666666667;595779;0;595697;0;;;;
380;597248;597166;292600;1219,16666666667;597248;0;597166;0;;;;
381;598799;598717;293360;1222,33333333333;598799;0;598717;0;;;;
382;600432;600350;294160;1225,66666666667;600432;0;600350;0;;;;
383;601901;601819;294880;1228,66666666667;601901;0;601819;0;;;;
384;603534;603452;295680;1232;603534;0;603452;0;;;;
385;605003;604921;296400;1235;605003;0;604921;0;;;;
386;606554;606472;297160;1238,16666666667;606554;0;606472;0;;;;
387;608105;608024;297920;1241,33333333333;608105;0;608023;-1;;;;
388;609656;609575;298680;1244,5;609656;0;609575;0;;;;
389;611289;611207;299480;1247,83333333333;611289;0;611207;0;;;;
390;612840;612758;300240;1251;612840;0;612758;0;;;;
391;614472;614391;301040;1254,33333333333;614472;0;614391;0;;;;
392;616187;616105;301880;1257,83333333333;616187;0;616105;0;;;;
393;617819;617738;302680;1261,16666666667;617819;0;617738;0;;;;
394;619207;619126;303360;1264;619207;0;619126;0;;;;
395;620595;620513;304040;1266,83333333333;620595;0;620513;0;;;;
396;621983;621901;304720;1269,66666666667;621983;0;621901;0;;;;
397;623370;623289;305400;1272,5;623370;0;623289;0;;;;
398;624758;624677;306080;1275,33333333333;624758;0;624677;0;;;;
399;626146;626064;306760;1278,16666666667;626146;0;626064;0;;;;
400;627615;627534;307480;1281,16666666667;627615;0;627534;0;;;;
401;629085;629003;308200;1284,16666666667;629085;0;629003;0;;;;
402;630636;630554;308960;1287,33333333333;630636;0;630554;0;;;;
403;632105;632024;309680;1290,33333333333;632105;0;632023;-1;;;;
404;633656;633575;310440;1293,5;633656;0;633575;0;;;;
405;635207;635126;311200;1296,66666666667;635207;0;635126;0;;;;
406;636758;636677;311960;1299,83333333333;636758;0;636677;0;;;;
407;638309;638228;312720;1303;638309;0;638228;0;;;;
408;639779;639697;313440;1306;639779;0;639697;0;;;;
409;641411;641330;314240;1309,33333333333;641411;0;641330;0;;;;
410;643044;642962;315040;1312,66666666667;643044;0;642962;0;;;;
411;644595;644513;315800;1315,83333333333;644595;0;644513;0;;;;
412;646228;646146;316600;1319,16666666667;646228;0;646146;0;;;;
413;647779;647697;317360;1322,33333333333;647779;0;647697;0;;;;
414;649411;649330;318160;1325,66666666667;649411;0;649330;0;;;;
415;650881;650799;318840;1328,5;650799;-82;650717;-82;;;;
416;652268;652187;319560;1331,5;652268;0;652187;0;;;;
417;653656;653575;320240;1334,33333333333;653656;0;653575;0;;;;
418;655126;655044;320960;1337,33333333333;655126;0;655044;0;;;;
419;656595;656513;321680;1340,33333333333;656595;0;656513;0;;;;
420;658146;658064;322440;1343,5;658146;0;658064;0;;;;
421;659534;659452;323120;1346,33333333333;659534;0;659452;0;;;;
422;661085;661003;323880;1349,5;661085;0;661003;0;;;;
423;662636;662554;324640;1352,66666666667;662636;0;662554;0;;;;
424;664187;664105;325400;1355,83333333333;664187;0;664105;0;;;;
425;665738;665656;326160;1359;665738;0;665656;0;;;;
426;667289;667207;326920;1362,16666666667;667289;0;667207;0;;;;
427;668840;668758;327680;1365,33333333333;668840;0;668758;0;;;;
428;670391;670309;328440;1368,5;670391;0;670309;0;;;;
429;671942;671860;329200;1371,66666666667;671942;0;671860;0;;;;
430;673493;673411;329960;1374,83333333333;673493;0;673411;0;;;;
431;675044;674962;330720;1378;675044;0;674962;0;;;;
432;676677;676595;331520;1381,33333333333;676677;0;676595;0;;;;
433;678309;678228;332320;1384,66666666667;678309;0;678228;0;;;;
434;679942;679860;333120;1388;679942;0;679860;0;;;;
435;681493;681411;333880;1391,16666666667;681493;0;681411;0;;;;
436;682799;682717;334520;1393,83333333333;682799;0;682717;0;;;;
437;684268;684187;335240;1396,83333333333;684268;0;684187;0;;;;
438;685738;685656;335960;1399,83333333333;685738;0;685656;0;;;;
439;687207;687126;336680;1402,83333333333;687207;0;687126;0;;;;
440;688677;688595;337400;1405,83333333333;688677;0;688595;0;;;;
441;690228;690146;338160;1409;690228;0;690146;0;;;;
442;691779;691697;338920;1412,16666666667;691779;0;691697;0;;;;
443;693330;693248;339680;1415,33333333333;693330;0;693248;0;;;;
444;694962;694881;340480;1418,66666666667;694962;0;694881;0;;;;
445;696432;696350;341200;1421,66666666667;696432;0;696350;0;;;;
446;698064;697983;342000;1425;698064;0;697983;0;;;;
447;699534;699452;342720;1428;699534;0;699452;0;;;;
448;701085;701003;343480;1431,16666666667;701085;0;701003;0;;;;
449;702636;702554;344240;1434,33333333333;702636;0;702554;0;;;;
450;704187;704105;345000;1437,5;704187;0;704105;0;;;;
451;705738;705656;345760;1440,66666666667;705738;0;705656;0;;;;
452;707370;707289;346560;1444;707370;0;707289;0;;;;
453;709003;708921;347360;1447,33333333333;709003;0;708921;0;;;;
454;710717;710636;348200;1450,83333333333;710717;0;710636;0;;;;
455;712268;712187;348960;1454;712268;0;712187;0;;;;
456;713819;713738;349720;1457,16666666667;713819;0;713738;0;;;;
457;715207;715126;350400;1460;715207;0;715126;0;;;;
458;716677;716595;351120;1463;716677;0;716595;0;;;;
459;718146;718064;351840;1466;718146;0;718064;0;;;;
460;719697;719615;352600;1469,16666666667;719697;0;719615;0;;;;
461;721248;721166;353360;1472,33333333333;721248;0;721166;0;;;;
462;722799;722717;354120;1475,5;722799;0;722717;0;;;;
463;724350;724268;354880;1478,66666666667;724350;0;724268;0;;;;
464;725901;725819;355640;1481,83333333333;725901;0;725819;0;;;;
465;727534;727452;356440;1485,16666666667;727534;0;727452;0;;;;
466;729085;729003;357200;1488,33333333333;729085;0;729003;0;;;;
467;730717;730636;358000;1491,66666666667;730717;0;730636;0;;;;
468;732268;732187;358760;1494,83333333333;732268;0;732187;0;;;;
469;733819;733738;359520;1498;733819;0;733738;0;;;;
470;735370;735289;360280;1501,16666666667;735370;0;735289;0;;;;
471;737003;736921;361080;1504,5;737003;0;736921;0;;;;
472;738554;738472;361840;1507,66666666667;738554;0;738472;0;;;;
473;740268;740187;362680;1511,16666666667;740268;0;740187;0;;;;
474;741901;741819;363480;1514,5;741901;0;741819;0;;;;
475;743534;743452;364280;1517,83333333333;743534;0;743452;0;;;;
476;744921;744840;364960;1520,66666666667;744921;0;744840;0;;;;
477;746309;746228;365640;1523,5;746309;0;746228;0;;;;
478;747697;747615;366320;1526,33333333333;747697;0;747615;0;;;;
479;749085;749003;367000;1529,16666666667;749085;0;749003;0;;;;
480;750472;750391;367680;1532;750472;0;750391;0;;;;
481;751942;751860;368400;1535;751942;0;751860;0;;;;
482;753411;753330;369120;1538;753411;0;753330;0;;;;
483;754881;754799;369840;1541;754881;0;754799;0;;;;
484;756350;756268;370560;1544;756350;0;756268;0;;;;
485;757901;757819;371320;1547,16666666667;757901;0;757819;0;;;;
486;759370;759289;372040;1550,16666666667;759370;0;759289;0;;;;
487;760840;760758;372760;1553,16666666667;760840;0;760758;0;;;;
488;762391;762309;373520;1556,33333333333;762391;0;762309;0;;;;
489;763860;763779;374240;1559,33333333333;763860;0;763779;0;;;;
490;765493;765411;375040;1562,66666666667;765493;0;765411;0;;;;
491;767044;766962;375800;1565,83333333333;767044;0;766962;0;;;;
492;768513;768432;376520;1568,83333333333;768513;0;768432;0;;;;
493;770146;770064;377320;1572,16666666667;770146;0;770064;0;;;;
494;771779;771697;378120;1575,5;771779;0;771697;0;;;;
495;773330;773248;378880;1578,66666666667;773330;0;773248;0;;;;
496;774962;774881;379680;1582;774962;0;774881;0;;;;
497;776432;776350;380400;1585;776432;0;776350;0;;;;
498;777819;777738;381080;1587,83333333333;777819;0;777738;0;;;;
499;779289;779207;381800;1590,83333333333;779289;0;779207;0;;;;
500;780758;780677;382520;1593,83333333333;780758;0;780677;0;;;;
501;782228;782146;383240;1596,83333333333;782228;0;782146;0;;;;
502;783697;783615;383960;1599,83333333333;783697;0;783615;0;;;;
503;785248;785166;384720;1603;785248;0;785166;0;;;;
504;786717;786636;385440;1606;786717;0;786636;0;;;;
505;788268;788187;386200;1609,16666666667;788268;0;788187;0;;;;
506;789819;789738;386960;1612,33333333333;789819;0;789738;0;;;;
507;791370;791289;387720;1615,5;791370;0;791289;0;;;;
508;792921;792840;388480;1618,66666666667;792921;0;792840;0;;;;
509;794472;794391;389240;1621,83333333333;794472;0;794391;0;;;;
510;796024;795942;390000;1625;796023;-1;795942;0;;;;
511;797493;797411;390720;1628;797493;0;797411;0;;;;
512;799126;799044;391520;1631,33333333333;799126;0;799044;0;;;;
513;800677;800595;392280;1634,5;800677;0;800595;0;;;;
514;802309;802228;393080;1637,83333333333;802309;0;802228;0;;;;
515;803942;803860;393880;1641,16666666667;803942;0;803860;0;;;;
516;805575;805493;394680;1644,5;805575;0;805493;0;;;;
517;807207;807126;395480;1647,83333333333;807207;0;807126;0;;;;
518;808595;808513;396160;1650,66666666667;808595;0;808513;0;;;;
519;809983;809901;396840;1653,5;809983;0;809901;0;;;;
520;811452;811370;397560;1656,5;811452;0;811370;0;;;;
521;813003;812921;398320;1659,66666666667;813003;0;812921;0;;;;
522;814472;814391;399040;1662,66666666667;814472;0;814391;0;;;;
523;816024;815942;399800;1665,83333333333;816023;-1;815942;0;;;;
524;817575;817493;400560;1669;817575;0;817493;0;;;;
525;819126;819044;401320;1672,16666666667;819126;0;819044;0;;;;
526;820758;820677;402120;1675,5;820758;0;820677;0;;;;
527;822309;822228;402880;1678,66666666667;822309;0;822228;0;;;;
528;823860;823779;403640;1681,83333333333;823860;0;823779;0;;;;
529;825411;825330;404400;1685;825411;0;825330;0;;;;
530;826962;826881;405160;1688,16666666667;826962;0;826881;0;;;;
531;828432;828350;405880;1691,16666666667;828432;0;828350;0;;;;
532;830064;829983;406680;1694,5;830064;0;829983;0;;;;
533;831615;831534;407440;1697,66666666667;831615;0;831534;0;;;;
534;833248;833166;408240;1701;833248;0;833166;0;;;;
535;834799;834717;409000;1704,16666666667;834799;0;834717;0;;;;
536;836513;836432;409840;1707,66666666667;836513;0;836432;0;;;;
537;838064;837983;410600;1710,83333333333;838064;0;837983;0;;;;
538;839534;839452;411320;1713,83333333333;839534;0;839452;0;;;;
539;841003;840921;412040;1716,83333333333;841003;0;840921;0;;;;
540;842472;842391;412760;1719,83333333333;842472;0;842391;0;;;;
541;843942;843860;413480;1722,83333333333;843942;0;843860;0;;;;
542;845411;845330;414200;1725,83333333333;845411;0;845330;0;;;;
543;846881;846799;414920;1728,83333333333;846881;0;846799;0;;;;
544;848432;848350;415680;1732;848432;0;848350;0;;;;
545;849901;849819;416400;1735;849901;0;849819;0;;;;
546;851534;851452;417200;1738,33333333333;851534;0;851452;0;;;;
547;853085;853003;417960;1741,5;853085;0;853003;0;;;;
548;854636;854554;418720;1744,66666666667;854636;0;854554;0;;;;
549;856187;856105;419480;1747,83333333333;856187;0;856105;0;;;;
550;857738;857656;420240;1751;857738;0;857656;0;;;;
551;859289;859207;421000;1754,16666666667;859289;0;859207;0;;;;
552;860921;860840;421800;1757,5;860921;0;860840;0;;;;
553;862391;862309;422520;1760,5;862391;0;862309;0;;;;
554;864105;864024;423360;1764;864105;0;864023;-1;;;;
555;865656;865575;424120;1767,16666666667;865656;0;865575;0;;;;
556;867370;867289;424960;1770,66666666667;867370;0;867289;0;;;;
557;869003;868921;425760;1774;869003;0;868921;0;;;;
558;870472;870391;426480;1777;870472;0;870391;0;;;;
559;871860;871779;427160;1779,83333333333;871860;0;871779;0;;;;
560;873248;873166;427840;1782,66666666667;873248;0;873166;0;;;;
561;874636;874554;428520;1785,5;874636;0;874554;0;;;;
562;876024;875942;429200;1788,33333333333;876023;-1;875942;0;;;;
563;877493;877411;429920;1791,33333333333;877493;0;877411;0;;;;
564;878881;878799;430600;1794,16666666667;878881;0;878799;0;;;;
565;880350;880268;431320;1797,16666666667;880350;0;880268;0;;;;
566;881901;881819;432080;1800,33333333333;881901;0;881819;0;;;;
567;883370;883289;432800;1803,33333333333;883370;0;883289;0;;;;
568;884840;884758;433520;1806,33333333333;884840;0;884758;0;;;;
569;886391;886309;434280;1809,5;886391;0;886309;0;;;;
570;887942;887860;435040;1812,66666666667;887942;0;887860;0;;;;
571;889411;889330;435760;1815,66666666667;889411;0;889330;0;;;;
572;890962;890881;436520;1818,83333333333;890962;0;890881;0;;;;
573;892595;892513;437320;1822,16666666667;892595;0;892513;0;;;;
574;894064;893983;438040;1825,16666666667;894064;0;893983;0;;;;
575;895697;895615;438840;1828,5;895697;0;895615;0;;;;
576;897248;897166;439600;1831,66666666667;897248;0;897166;0;;;;
577;898881;898799;440400;1835;898881;0;898799;0;;;;
578;8389376;;440960;1837,33333333333;900023;;;;;;;
;;;441000;;;;;;;;;
